t,x1,x2,x3,u1,sequence
0,3.14159265358979,0,0,0,0
0.005,-3.1415038304173,1.27194113403445e-16,8.20495628731349e-18,0.05,1
0.01,-3.13768396197673,1.68478505634901,1.96074042946597,0.05,0
0.015,-3.1256316450453,3.3615490565975,3.92086027487542,0.00247638604895594,0
0.02,-3.1097527438038,3.4214115991395,4.0161067817869,0.00492232882887292,1
0.025,-3.09334734107648,3.54828834242852,4.2059946524288,0.00500065133537134,0
0.03,-3.07596764970233,3.66199202622052,4.39759438080199,0.00516901099487543,1
0.035,-3.05755366391798,3.76488256293224,4.59432752933373,0.00530923776940189,0
0.04,-3.03812801653095,3.85533080208258,4.79497836457556,0.00542299556353479,0
0.045,-3.01821940330632,3.93184220255084,4.99840245067709,0.00550634017721033,1
0.05,-2.99735765651432,3.99334755240019,5.20335272338732,0.00555730614879154,0
0.055,-2.97638570939481,4.03832171438216,5.40847702676317,0.00557229846183876,1
0.06,-2.9550944866257,4.06595995154302,5.61236870920822,0.00555193822682452,0
0.065,-2.93413911959984,4.07532056263739,5.81364510185905,0.00549511054809845,0
0.07,-2.91354924590563,4.0660530033158,6.01095459698076,0.00540495648606698,1
0.075,-2.89256129370945,4.0379417682265,6.20308898013505,0.00528345755449229,0
0.08,-2.87163691537717,3.99015497221707,6.38887247436608,0.00512835828511726,1
0.085,-2.85188803038641,3.92220374495538,6.56710065911943,0.00494344460444991,0
0.09,-2.83241926827122,3.83466727704124,6.73682186063614,0.00473791256607625,1
0.095,-2.81365211512154,3.72759510547756,6.89738027447985,0.00450999440829647,1
0.1,-2.79529679495374,3.60129739380748,7.04809392259183,0.00426527425890859,0
0.105,-2.77738255750027,3.45596302342721,7.18848140472032,0.00400493909801257,1
0.11,-2.75989990845094,3.29179087506523,7.31811420395631,0.00373192878769433,0
0.115,-2.74216503042682,3.10900870090496,7.43667885480832,0.00344878138838942,0
0.12,-2.72574713629361,2.90732475420192,7.54391834121836,0.00315386922384116,1
0.125,-2.71025302081809,2.68759172009995,7.63960870539646,0.00285845080739485,0
0.13,-2.69646197606292,2.45061490719037,7.72392048338991,0.00256228137173143,1
0.135,-2.68422477937845,2.19772019683972,7.79703902029893,0.00227084062590381,0
0.14,-2.67290663020497,1.93020068685396,7.8593263239702,0.00198410902624019,0
0.145,-2.66182417256904,1.64880573776891,7.91109141057514,0.00169985933817054,1
0.15,-2.65204914069926,1.35366809778854,7.95251388562152,0.00141615362143145,1
0.155,-2.64396101356269,1.04561796281196,7.98372956666491,0.00113662624189833,1
0.16,-2.63743409018247,0.72581550627345,8.00500358641258,0.000861319581161503,0
0.165,-2.63179203600706,0.395281403344944,8.01657340177782,0.000588552155728947,0
0.17,-2.62805954492498,0.0544649873657819,8.01857042732014,0.000316120197641565,1
0.175,-2.6261872811052,-0.295551948637468,8.01105400136783,4.31544271776579e-05,0
0.18,-2.62645423480013,-0.6537897028555,7.99402584129524,-0.000233063611280431,1
0.185,-2.62830621741537,-1.01919067384806,7.9673693887607,-0.000515835830751557,0
0.19,-2.63225386058768,-1.39121543670027,7.93080974272361,-0.000807698523567089,0
0.195,-2.63812204889921,-1.76907829112797,7.88396872145255,-0.00111307714137608,1
0.2,-2.64575147004386,-2.15227809530288,7.82627808189739,-0.00143542487158923,0
0.205,-2.65475765810602,-2.54055668576447,7.75701871632724,-0.00177806278144737,1
0.21,-2.66602094460448,-2.93404362143122,7.67532392404228,-0.00214294141192921,0
0.215,-2.67851748797722,-3.33235326826449,7.58025087060769,-0.0025385635111354,0
0.22,-2.69294568948251,-3.73606499180235,7.47050282762289,-0.00296308658774022,1
0.225,-2.70962583729425,-4.14524398227398,7.34484879922955,-0.0034249659502425,0
0.23,-2.72919806354811,-4.55998862934891,7.2017239689752,-0.00393106535524861,1
0.235,-2.75072100841886,-4.9801517084584,7.03929363229425,-0.00449159765423092,0
0.24,-2.77418109882629,-5.40649329360806,6.85531112147426,-0.00510247738005614,0
0.245,-2.7995935333328,-5.83958020410211,6.64768381440898,-0.00576630910787799,1
0.25,-2.82733250432355,-6.27991699139928,6.41422613403499,-0.0064844514414252,0
0.255,-2.85728602461088,-6.72759258008488,6.15272447433204,-0.00726024879620161,1
0.26,-2.88933547675097,-7.18261195698176,5.86087290443064,-0.0080891499581148,0
0.265,-2.92353573081923,-7.64457823519755,5.53660117787244,-0.00896306865200206,1
0.27,-2.95930068670837,-8.11236727468761,5.17824347487678,-0.00987139069101209,1
0.275,-2.99729698592651,-8.5844879943391,4.78465122432557,-0.0107922298943145,0
0.28,-3.03767245251803,-9.05766044329744,4.35569766280893,-0.0117108460451394,1
0.285,-3.0810994910249,-9.5273996532625,3.89202646875778,-0.0125988190645438,0
0.29,-3.12720540173536,-9.98705799056969,3.39565100791538,-0.0134216366113704,0
0.295,3.1078745808833,-10.4286221877813,2.87016146279907,-0.0141290258628572,1
0.3,3.05815307053677,-10.8427551529389,2.32128052765797,-0.0146699806426535,0
0.305,3.006464920252,-11.2188638200816,1.75682616710334,-0.0149997543165629,1
0.31,2.95371412708555,-11.5449056673167,1.18643001664949,-0.0150765378426894,0
0.315,2.89983758687362,-11.8093032001221,0.6211387485856,-0.0148782838839084,0
0.32,2.84391121034034,-12.0009118629796,0.07258239405456,-0.014394698916084,1
0.325,2.78708276106085,-12.1086292725304,-0.447504346288263,-0.0136151197267525,0
0.33,2.7299810110665,-12.1240243138292,-0.927691620035058,-0.01258148762453,1
0.335,2.67275893638051,-12.0423346500341,-1.35888470381603,-0.0113533465604597,0
0.34,2.6168129601148,-11.8621235779667,-1.73488700367734,-0.00999553648209076,0
0.345,2.56202526368389,-11.5863024619779,-2.05261771578363,-0.00860623061033034,1
0.35,2.50916846809335,-11.2207268287048,-2.31295619000425,-0.00724468607515609,0
0.355,2.45863394767543,-10.7734487913093,-2.51913702544092,-0.00597667814242745,1
0.36,2.41071753741024,-10.2539717820751,-2.67673672924344,-0.0048415914137932,0
0.365,2.36497190627604,-9.67213253218928,-2.79252214100325,-0.00385921796989671,0
0.37,2.32287372735517,-9.03689455507334,-2.87361582227962,-0.00302425393828096,1
0.375,2.2841348252633,-8.3572404041534,-2.92661165494782,-0.0023471500004787,0
0.38,2.24927320901867,-7.64114843674902,-2.95808629002304,-0.00180487456738743,1
0.385,2.21831851501818,-6.89558068848764,-2.97343569208475,-0.00138075052970758,0
0.39,2.19125473284067,-6.12642921031505,-2.9771581255999,-0.00105247328739388,0
0.395,2.16823480699569,-5.33855132607936,-2.97271530097661,-0.000799748593945981,1
0.4,2.14869703017748,-4.53605401167273,-2.96265917207871,-0.000605974430605394,0
0.405,2.1328887886411,-3.72210038933947,-2.94882968365465,-0.000454853040921904,1
0.41,2.12123196856245,-2.89946289436546,-2.93238716940577,-0.00033636362355632,0
0.415,2.1131034831689,-2.07077519447583,-2.91405759557104,-0.0002421749074341,0
0.42,2.10917238427862,-1.23809223522312,-2.89424718279523,-0.000163544394572361,1
0.425,2.10943833633429,-0.403583486790649,-2.87300843549827,-9.51719053797459e-05,0
0.43,2.11315903958818,0.430705725683019,-2.85019864092641,-3.11049051258384e-05,1
0.435,2.12052586963094,1.26319031343754,-2.82549195337695,3.4100176658616e-05,0
0.44,2.13227144577159,2.09225204704022,-2.79837882017831,0.000105340861405417,0
0.445,2.14910348798426,2.91593129641425,-2.76818137230191,0.000189166710121385,1
0.45,2.17027858786522,3.73191929382315,-2.73401007855797,0.000294957610861168,0
0.455,2.19561439144348,4.53832830720891,-2.69470582841863,0.000432286219205316,1
0.46,2.22491885061378,5.33342233077812,-2.64881974275837,0.00061345049605976,1
0.465,2.25871340219494,6.11569784313993,-2.5945131471485,0.00085343898797584,1
0.47,2.29690110733348,6.88355956443521,-2.52944866517526,0.00117466483766005,1
0.475,2.3392885785146,7.63586394853202,-2.45052157562463,0.00160213886710183,0
0.48,2.38535721034641,8.37213387319803,-2.35374444380032,0.00216404708212648,1
0.485,2.43448336552243,9.09296914239862,-2.23409889012555,0.00288689421187994,0
0.49,2.48709797865988,9.80023337461494,-2.08555713575351,0.00379258435324137,0
0.495,2.54274957394099,10.4963176849008,-1.90123970202118,0.00491301849064092,1
0.5,2.60133830772716,11.1850219793797,-1.67302325676018,0.00626110171344184,0
0.505,2.66347451815283,11.8707783601186,-1.3922711178147,0.00784242849361093,1
0.51,2.72950989725421,12.5577040196657,-1.05020605969104,0.00966147623124566,1
0.515,2.7994692889414,13.2494123741351,-0.638085485229538,0.0116952569673633,0
0.52,2.87245361747128,13.9480141288222,-0.148440847114635,0.0138794108527476,1
0.525,2.94928671437229,14.6531622952489,0.423141940449151,0.0160875860564554,0
0.53,3.02898745259293,15.3581208469233,1.0751997331218,0.0181883368177347,1
0.535,3.11162155985483,16.051160790396,1.80016106167251,0.0199760567902074,0
0.54,-3.08521909239171,16.7126379015044,2.58137725303951,0.0212495915602376,0
0.545,-2.99537107872398,17.3154010879172,3.39347619982779,0.0218082105118082,1
0.55,-2.90221250865243,17.8275940504111,4.20330038258719,0.0214814718007418,0
0.555,-2.80689263512797,18.2157576333859,4.97227595032661,0.0201946949023501,1
0.56,-2.71015824145704,18.4509712274783,5.66170852179648,0.0180343833728786,0
0.565,-2.61231000078845,18.5140798451263,6.23981791612864,0.0152326791821455,0
0.57,-2.51432430570306,18.3985420196091,6.6872363626986,0.0121070532547261,1
0.575,-2.41721609333408,18.1112636402672,6.99949375409598,0.00902057870155464,0
0.58,-2.32165908213251,17.6705447443234,7.18708912385949,0.00627992731681604,1
0.585,-2.22905911540787,17.1010830113863,7.27157832435013,0.00406664207834104,0
0.59,-2.14015226277652,16.4293146188238,7.27968989563642,0.00244608219931609,0
0.595,-2.05570640527222,15.6792449688334,7.23837664094926,0.00136061437076764,1
0.6,-1.97532989372679,14.870231748861,7.17038823772599,0.000696098611089168,0
0.605,-1.89879145761657,14.0163254398218,7.09270632929616,0.0003215107941387,1
0.61,-1.82674138760717,13.1273668873145,7.01646921547644,0.000130161459889681,0
0.615,-1.75946833797545,12.2106481027165,6.94816150005715,4.4488888760347e-05,0
0.62,-1.69699847651222,11.2717026897637,6.89094436369843,1.19346065822864e-05,1
0.625,-1.6393018677214,10.3148790349864,6.84576066674896,2.14129185495682e-06,0
0.63,-1.58682275022475,9.34375321238679,6.81225622323816,1.64476290148431e-07,1
0.635,-1.53964967288336,8.3614514499524,6.78936467648316,4.3044457954147e-10,0
0.64,-1.49719514892028,7.37062487345658,6.77572857219907,5.29652553020702e-09,0
0.645,-1.45867716209597,6.37339130533682,6.76997046426073,1.40318393387453e-07,1
0.65,-1.42506705792592,5.37141687681485,6.7707948935428,6.29782526874796e-07,0
0.655,-1.39668095673442,4.36616785000105,6.77686113546377,1.46337702053814e-06,1
0.66,-1.37303934112064,3.35879522053971,6.78686362517481,2.34990170368231e-06,0
0.665,-1.35386003763416,2.35012149231862,6.79959776766958,2.92697084757827e-06,0
0.67,-1.33902931645444,1.34072916764932,6.81393865258673,2.89665502032995e-06,1
0.675,-1.32898698490284,0.331022100102528,6.82882745344281,2.111461760048e-06,0
0.68,-1.32375939629981,-0.678730497767967,6.84324005635111,6.08963852922269e-07,1
0.685,-1.32317446161351,-1.68835754042306,6.85622042715204,-1.34829053967364e-06,0
0.690000000000001,-1.32739682368622,-2.69773107010342,6.86689478982561,-3.37439289984023e-06,0
0.695000000000001,-1.33655162348311,-3.70671500728811,6.87445429570485,-5.04504930922576e-06,1
0.700000000000001,-1.35144459724297,-4.7151079422756,6.87815911609239,-5.99515955356573e-06,0
0.705000000000001,-1.37200705063366,-5.72256683029787,6.87731320548841,-5.95284820212991e-06,1
0.710000000000001,-1.39757904365001,-6.72852397729496,6.87130851693029,-4.97881705773246e-06,0
0.715000000000001,-1.42846913500027,-7.73215884156724,6.85963852553307,-3.4642690951664e-06,0
0.720000000000001,-1.46511776505712,-8.73231865086351,6.84186285834586,-1.87114473415725e-06,1
0.725000000000001,-1.50712562429703,-9.72742280569834,6.81762386898331,-6.65110012072225e-07,0
0.730000000000001,-1.55440607761864,-10.7154993369927,6.78668550860942,-1.01354242180927e-07,1
0.735000000000001,-1.60548765571279,-11.694144999124,6.74894781099097,-5.09601688748367e-10,0
0.740000000000001,-1.66077019696544,-12.6608584038223,6.70447277477003,-1.15818822271082e-08,0
0.745000000000001,-1.72087699884583,-13.6127249339975,6.65347591776347,-5.87321940976348e-07,1
0.750000000000001,-1.78546790991686,-14.5462591286883,6.59632513884508,-5.04478236488479e-06,0
0.755000000000001,-1.85402406332242,-15.4576656850876,6.53344387825972,-2.31699882298222e-05,1
0.760000000000001,-1.92745439232424,-16.3430477658717,6.46506778086171,-7.60762790431199e-05,0
0.765000000000001,-2.0061853950733,-17.1980235997425,6.39088361952558,-0.000204582491360144,0
0.770000000000001,-2.08914673819329,-18.0182916290258,6.30930323752497,-0.000478721796924747,1
0.775000000000001,-2.1762877788784,-18.8013458376987,6.21624630820032,-0.00099628863826639,1
0.780000000000001,-2.26710938021648,-19.5473700048355,6.10399326445931,-0.00188562757818603,1
0.785000000000001,-2.36140775616814,-20.261275240266,5.95976337734976,-0.00328408814624214,0
0.790000000000001,-2.46004215277994,-20.954003987444,5.76506321272451,-0.00531522043061221,0
0.795000000000001,-2.56232987733903,-21.6423056613139,5.49602881928376,-0.00808013269346473,1
0.800000000000001,-2.66807955346896,-22.3489220391042,5.12416756897985,-0.0115493941418858,1
0.805000000000001,-2.7779684457732,-23.0967036854997,4.62187630863658,-0.015556967857984,1
0.810000000000001,-2.89087416169038,-23.8998316000206,3.96903587672765,-0.019796272816666,0
0.815000000000001,-3.00732552915536,-24.7559021126156,3.16000852505843,-0.0237253650071224,0
0.820000000000001,-3.12805228744282,-25.6337109683522,2.21448529167465,-0.0267453310820186,1
0.825000000000001,3.02973566705634,-26.4718695611634,1.18004724684229,-0.028233407130087,0
0.830000000000001,2.90075734444177,-27.1853586460748,0.130899240917227,-0.027693784620162,1
0.835000000000001,2.76858381601396,-27.6842434601489,-0.842401832194958,-0.0250157622155437,0
0.840000000000001,2.63400315226909,-27.8978276784472,-1.65340106063733,-0.0206070524695416,0
0.845000000000001,2.49855227388406,-27.7964786135049,-2.24297498002795,-0.0153115903495159,1
0.850000000000001,2.36394531169186,-27.3991311839892,-2.59435484117018,-0.0101463749812574,0
0.855000000000001,2.23144009810476,-26.7624862781965,-2.73347487166119,-0.00591765009805185,1
0.860000000000001,2.10203197254536,-25.9581926312102,-2.71418229680782,-0.00297609404818134,0
0.865000000000001,1.97667142397793,-25.0517613740972,-2.59749144951796,-0.00124717916096042,0
0.870000000000001,1.85602731277335,-24.0918074101003,-2.43563288447804,-0.000409831580481778,1
0.875000000000001,1.74039016502556,-23.1092388646896,-2.26470934806631,-9.30727888534585e-05,0
0.880000000000001,1.62964563565723,-22.1220339138841,-2.10481675505335,-1.04934471214522e-05,1
0.885000000000001,1.52404739948725,-21.1409370173929,-1.96440703333793,-1.33351578951175e-07,0
0.890000000000001,1.42352306171675,-20.1733356922943,-1.84534035787943,-4.53686131337771e-08,0
0.895000000000001,1.32809353472631,-19.2250537353766,-1.7467488330066,-3.73094041360676e-06,1
0.900000000000001,1.23713386804738,-18.3008334047319,-1.66716309521396,-2.25123046340215e-05,0
0.905000000000001,1.15057558624408,-17.4045977851207,-1.60534953793029,-6.45101125436501e-05,1
0.910000000000001,1.06853941385093,-16.5393888136141,-1.56026699746202,-0.00012785433200969,0
0.915000000000001,0.990423659425951,-15.7074336437125,-1.53079095498427,-0.000202252316188239,0
0.920000000000001,0.91641805599064,-14.9107250775132,-1.51552364300409,-0.000274814487677916,1
0.925000000000001,0.846700056985464,-14.1508441657431,-1.5126635622529,-0.000333302685701527,0
0.930000000000001,0.780198448351356,-13.4290234019699,-1.52005291003286,-0.000369846209633411,1
0.935000000000001,0.716058999517677,-12.746955149448,-1.53540023692674,-0.000381671877324168,0
0.940000000000001,0.655183815649074,-12.1067389438552,-1.55642861155673,-0.000368704554648758,0
0.945000000000001,0.597823115917559,-11.5095828732963,-1.58092942605651,-0.000334546697147974,1
0.950000000000001,0.543803853888322,-10.9560513490206,-1.60695962884016,-0.00028522664417072,0
0.955000000000001,0.492327051817938,-10.4462865888041,-1.63295554301029,-0.000226874928467382,1
0.960000000000001,0.44382847460508,-9.98056034764004,-1.65772936551848,-0.0969464645760054,0
0.965000000000001,0.405137908617147,-6.61918165940047,-5.39815054138778,-0.0969464645760054,0
0.970000000000001,0.383554506012847,-3.159062747512,-9.16045610162835,-0.0969464645760054,1
0.975000000000001,0.379386695131088,0.428030367138866,-12.9311227238531,-0.103799947783077,0
0.980000000000001,0.39484108769185,4.39917141037062,-16.9606019061803,-0.103799947783077,1
0.985000000000001,0.430907650028275,8.6109773654068,-20.9672751805117,-0.00866826419553346,0
0.990000000000001,0.480718058435737,10.1805683916103,-21.3033026375991,-0.00866826419553346,0
0.995000000000001,0.538900986894228,11.8732042873682,-21.6196781098373,-0.00866826419553346,1
1,0.605845475507671,13.6883646108282,-21.9097051567407,0.114773863139377,0
1.005,0.673502877157938,12.214151625688,-17.5735072795532,0.000159699436746366,1
1.01,0.740299922602489,13.5726667326824,-17.5175806140667,0.000349878850689473,0
1.015,0.814229844751475,14.969947924809,-17.4326288798828,0.000358637140316507,0
1.02,0.895333532762359,16.3945143250392,-17.3234547897405,0.000347823347133707,1
1.025,0.983557931840304,17.8269414651098,-17.1900413942101,0.000312033621042617,0
1.03,1.07831777353486,19.2443835037008,-17.0342374993926,0.000250887112409573,1
1.035,1.18008688164784,20.6217452177195,-16.8599006564267,0.000172688483675896,0
1.04,1.28890943291423,21.9327190590216,-16.6727037560175,9.38527151676817e-05,0
1.045,1.4034955384049,23.1508398047525,-16.479779432136,3.42083896257336e-05,1
1.05,1.52331989708098,24.2521362176237,-16.2889856073876,5.54956272514733e-06,0
1.055,1.64867589214724,25.2164665564276,-16.1084181720377,4.55195804090152e-08,1
1.06,1.77795322812934,26.0277508283568,-15.9463635009975,4.02184683345397e-07,0
1.065,1.91079284270058,26.6772229974934,-15.8101807452067,2.35697844898034e-05,0
1.07,2.04608936345411,27.1632822285706,-15.7044575233629,0.000191629212452072,1
1.075,2.18351950517151,27.4955785971554,-15.6262593900524,0.000782972562063534,0
1.08,2.32231492194096,27.7003510752854,-15.5588211271282,0.00220649009402809,1
1.085,2.46264110219175,27.8289174564552,-15.4655705278772,0.00485421107888005,0
1.09,2.60388729327949,27.9602444625705,-15.2901757848006,0.00890840293477364,0
1.095,2.74653239249959,28.192126318299,-14.96515980618,0.0141187807448285,1
1.1,2.89045778751013,28.6126134380037,-14.4321710145621,0.0197993033433635,0
1.105,3.03687301378304,29.2622834144867,-13.6649374123825,0.0248833717904071,1
1.11,-3.09641036708627,30.1015440896194,-12.6899831687585,0.0282201567528165,0
1.115,-2.9415004164944,31.0062531358935,-11.5917068575745,0.0288116620210973,1
1.12,-2.78207777255214,31.7972825883067,-10.5010690491213,0.0262031502329466,1
1.125,-2.61872479912857,32.3023597261508,-9.56253476934817,0.0208909845907904,1
1.13,-2.45392292351095,32.4221849151519,-8.8862768442715,0.0143105300173097,1
1.135,-2.2893484155542,32.1615182741534,-8.51060218958177,0.00824190502948219,0
1.14,-2.12744135517072,31.6025177628009,-8.39874499712549,0.00385494851678442,0
1.145,-1.96846480214424,30.8482241642387,-8.47244138524767,0.0013856471871627,1
1.15,-1.81347311717127,29.9791529762415,-8.65124154837678,0.000336810667087386,0
1.155,-1.66293843107074,29.043473038666,-8.87716181319903,4.06862755670683e-05,1
1.16,-1.51767570827122,28.067261959633,-9.11776872892607,6.84814492789307e-07,1
1.165,-1.37707490336222,27.0677634899408,-9.35834172952582,5.65616871806919e-08,0
1.17,-1.24197611013548,26.0605486373697,-9.59193809058282,6.76583754451735e-06,1
1.175,-1.11275927882564,25.0613746122025,-9.81309841876547,3.29122136907951e-05,0
1.18,-0.988497412616031,24.0857491783961,-10.016714472489,5.47287785074006e-05,1
1.185,-0.868958588466473,23.1497284592761,-10.1995201308582,1.05932210634416e-05,0
1.19,-0.754137890817735,22.2707146274894,-10.3616530553442,-0.000163765793105524,0
1.195,-0.643451732540845,21.4674861199862,-10.5069690576985,-0.000499679839440576,1
1.2,-0.53616201421298,20.7596718472689,-10.6417632194459,-0.000985864495184427,0
1.205,-0.43210287680384,20.1664011340561,-10.7728693760666,-0.00157803141473227,1
1.21,-0.331211397008581,19.7040417137305,-10.9060293098408,0.2,0
1.215,-0.249220358781832,12.9776995476273,-3.17900480030106,0.2,0
1.22,-0.200784063341348,6.21467237293627,4.61939054658707,0.2,1
1.225,-0.186559698606942,-0.649523564968627,12.4432364829224,0.2,0
1.23,-0.207616311628067,-7.69806537388073,20.2639709812147,0.2,1
1.235,-0.263999193856673,-15.1057544433209,28.0477512217656,0.0693424799347107,0
1.24,-0.348375751029909,-18.8062083736453,30.6904828991214,0.0693424799347107,0
1.245,-0.452095391473608,-23.0443305805805,33.2465568931169,0.0693424799347107,1
1.25,-0.578065887990182,-27.872012347179,35.6574171812617,-0.126046668507205,0
1.255,-0.716211737860853,-27.6538474712005,30.6339096203464,0.00435315593869689,1
1.26,-0.860459441579041,-30.5349565715123,30.4088606108613,0.00223256671356051,0
1.265,-1.01827036463282,-33.2896592998437,30.0073744729381,0.00148236153560929,0
1.26999999999999,-1.18852679632511,-35.746579378841,29.5114627690299,0.000691495652077106,1
1.27499999999999,-1.36955744399149,-37.7229987200212,28.9731920952721,0.000178211284979548,0
1.27999999999999,-1.55979383834337,-39.0819909967871,28.4672370472626,1.27517008887928e-05,1
1.28499999999999,-1.7551970490519,-39.742652840504,28.0669979251219,7.53111569160458e-11,0
1.28999999999999,-1.95228099057309,-39.6994624516923,27.8190112791703,7.99659217134454e-07,0
1.29499999999999,-2.14784894001247,-39.030607528078,27.734843106344,-9.39200417102022e-05,1
1.29999999999999,-2.33880307047477,-37.899192049814,27.7897409110078,-0.000968921855420383,0
1.30499999999999,-2.52273213806982,-36.555717696283,27.9068882603284,-0.00387456593007834,1
1.30999999999999,-2.69944499229596,-35.331310941648,27.9467257478858,-0.00938744170028933,0
1.31499999999999,-2.87118240033418,-34.5762919459083,27.7462147783985,-0.0164713873440084,0
1.31999999999999,-3.04132261343462,-34.5414523917407,27.1969873652212,-0.0230278409638305,1
1.32499999999999,3.06953506799119,-35.2723921058485,26.3015442033088,-0.0269697190558006,0
1.32999999999999,2.89226879822972,-36.5845209141493,25.1794938228986,-0.0268705749060175,1
1.33499999999999,2.70725181681744,-38.1297092424476,24.0350625975904,-0.0224528980968424,0
1.33999999999999,2.51531200199357,-39.5348052862003,23.0922037631035,-0.0151151598901507,0
1.34499999999999,2.31780863761655,-40.5410584025477,22.5085331321943,-0.00771195639949618,1
1.34999999999999,2.11636013129462,-41.0580801774077,22.3134230856506,-0.00268833864650048,0
1.35499999999999,1.91334357670087,-41.0923784790493,22.4317636241472,-0.000503916373145917,1
1.35999999999999,1.71097112873797,-40.6597615383712,22.7605222622487,-1.72870132281264e-05,0
1.36499999999999,1.51225262910485,-39.7680142016396,23.2215271121734,1.41592657458009e-06,0
1.36999999999999,1.31907681703901,-38.4487979603974,23.7616017581757,9.17667528026503e-08,1
1.37499999999999,1.1337779703909,-36.774032315027,24.3317164514477,4.12906535159455e-05,0
1.37999999999999,0.957358576277039,-34.8544215020117,24.8836307451161,0.000396879510426445,1
1.38499999999999,0.790203440513402,-32.8326985162778,25.3880698093409,0.0014208151447767,0
1.38999999999999,0.633219720351896,-30.8754913719352,25.8451104530782,0.0031267909194721,0
1.39499999999999,0.48520202264062,-29.1498492882611,26.2737108803719,0.00513176489399958,1
1.39999999999999,0.345756976600369,-27.7985053262349,26.691446295544,-0.2,0
1.40499999999999,0.227783683195417,-20.4914078338647,19.0432841050665,-0.2,1
1.40999999999999,0.144761570734099,-13.5211329206722,11.2663734172152,-0.2,0
1.41499999999999,0.0967722029397198,-6.6858875434716,3.43970497608284,-0.2,0
1.41999999999999,0.082097819233122,0.118445435330616,-4.4008990463867,-0.2,1
1.42499999999999,0.100565864232521,6.95458487055857,-12.2410421058419,-0.142913066276327,0
1.42999999999999,0.148496643716312,11.9888171728804,-17.8335187575528,-0.142913066276327,1
1.43499999999999,0.222244311351823,17.2558961825922,-23.3928956386593,0.0585637945281361,0
1.43999999999999,0.306553777477709,16.21079055595,-21.076979614157,0.0585637945281361,0
1.44499999999999,0.386011448988209,15.3101242298522,-18.7710261722949,0.0585637945281361,1
1.44999999999999,0.460828837713577,14.4981184693197,-16.4800678151874,0.2,0
1.45499999999999,0.521867408333542,9.52109267010602,-8.84695572964447,0.2,1
1.45999999999999,0.558034373032994,4.52571137348278,-1.29191991214263,0.2,0
1.46499999999999,0.569543521274516,-0.381542851957931,6.22235027149868,0.000234578036009773,0
1.46999999999999,0.570076942132888,0.252813639035305,6.1972584282343,-2.2272634688458e-05,1
1.47499999999999,0.574485239211962,0.896167928869997,6.16116623711909,1.47706009146669e-05,0
1.47999999999999,0.582445732721509,1.54373422752332,6.12521129044387,5.23637713037016e-05,1
1.48499999999999,0.593875451366757,2.19853143445867,6.08948150368934,9.00825510667056e-05,0
1.48999999999999,0.608494505755473,2.86341322898733,6.05406873966849,0.000127849643083738,0
1.49499999999999,0.626851677476571,3.54084918564043,6.01910179961223,0.000165406246719608,1
1.49999999999999,0.649102622231521,4.23360069509666,5.98474018086472,0.000202339861866166,0
1.50499999999999,0.674848537732522,4.94431036255596,5.95120006208106,0.000237935478990346,1
1.50999999999999,0.704200704034805,5.6750047852776,5.91877091443095,0.000271101466020596,0
1.51499999999999,0.737344614253452,6.42747906781005,5.88781517231192,0.000300398225377902,0
1.51999999999999,0.774344250232407,7.20329122886927,5.85878099088722,0.000323994395481056,1
1.52499999999999,0.81548359184841,8.00360885979958,5.83221354116117,0.000339748834958995,0
1.52999999999999,0.860634211216914,8.82928570953371,5.80877433299657,0.000345277310931417,1
1.53499999999999,0.909951227985929,9.6805305119265,5.78924494067851,0.000338525902931083,0
1.53999999999999,0.964014929045149,10.5570254543385,5.77456158316863,0.000317987220196127,0
1.54499999999999,1.02158147332122,11.4580344987457,5.76587658012865,0.000282965980750408,1
1.54999999999999,1.08307577672089,12.3815574173454,5.76445599155216,0.000236387869697125,0
1.55499999999999,1.14874776078225,13.3251145606863,5.77187826656041,0.000181951731494251,1
1.55999999999999,1.21946179068657,14.2856371927024,5.79002117292612,0.000125492817219328,0
1.56499999999999,1.29464716092199,15.2595439528359,5.82116145769402,7.36961019234328e-05,0
1.56999999999999,1.3749558331253,16.2424478584088,5.86776754768302,3.40831977003566e-05,1
1.57499999999999,1.46095334990374,17.2294267880048,5.93256492652073,1.0344374204699e-05,0
1.57999999999999,1.55162341181868,18.214939502838,6.01826876077582,1.21447318850702e-06,1
1.58499999999999,1.64731437037028,19.1928695559124,6.12702095346408,1.31655970498804e-09,0
1.58999999999999,1.74782597933483,20.156466568811,6.26017525418764,3.83263695044335e-07,0
1.59499999999999,1.85257597484767,21.0982201156653,6.41796988272431,1.23455030411334e-05,1
1.59999999999999,1.9622590660104,22.0099816252999,6.59974961250317,8.70264264394761e-05,0
1.60499999999999,2.07627996177931,22.8831026117607,6.8052082903763,0.00034700880043554,1
1.60999999999999,2.19470581629216,23.7103899982628,7.03657794151867,0.00100332653379918,0
1.61499999999999,2.31658826777358,24.4889008871203,7.30193517430608,0.00234591552068645,0
1.61999999999999,2.44202204933335,25.2245908253057,7.61868467775237,0.00466035203655996,1
1.62499999999999,2.57129658238082,25.9347566174785,8.01431471146637,0.00813255352781302,0
1.62999999999999,2.70468508065567,26.6474340503822,8.52326007645133,0.0127164303107526,1
1.63499999999999,2.84169419571909,27.3947202922837,9.17778273697415,0.0180126300994925,0
1.63999999999999,2.98196532208278,28.1995536842377,9.99315020453955,0.0231986813755469,0
1.64499999999999,3.12603251755446,29.0575172151338,10.9493934790787,0.0271901625596562,1
1.64999999999999,-3.00921480540107,29.9247670859567,11.980586106235,0.0289409281020593,0
1.65499999999999,-2.85722704165659,30.7219177917208,12.9806809353603,0.0277744847708796,1
1.65999999999999,-2.70207122535956,31.3527133388377,13.8262607726328,0.0237565220314859,0
1.66499999999999,-2.54458137826042,31.7350887089261,14.4144628238914,0.017844570499682,0
1.66999999999999,-2.38610976763418,31.8283584332622,14.6991491730884,0.0115459539184357,1
1.67499999999999,-2.2283217989527,31.6408944703696,14.7044672268749,0.00626934708132319,0
1.67999999999999,-2.07264545808582,31.2148704266675,14.5083838603049,0.00274691407102154,1
1.68499999999999,-1.91995247019434,30.600376287179,14.2074380035656,0.00090529654969082,0
1.68999999999999,-1.77080791946143,29.8368846258948,13.8841276899301,0.000193116200805159,0
1.69499999999999,-1.62586818919178,28.9500324339008,13.5915056906896,1.77212467662945e-05,1
1.69999999999999,-1.48620954557262,27.9581720960634,13.3545217364809,8.10076697950556e-08,0
1.70499999999999,-1.35160553693106,26.8796099715408,13.1793909253235,3.33187103806043e-07,1
1.70999999999999,-1.22139102017265,25.7348484743424,13.0636491963526,1.01759993096227e-05,0
1.71499999999999,-1.09733161328525,24.546726582859,13.0018709868697,3.93549554166284e-05,0
1.71999999999999,-0.979800052204789,23.3404338994441,12.9864637742721,6.50850229945886e-05,1
1.72499999999999,-0.868138667221717,22.1420387670229,13.0079478324443,4.3558177025872e-05,0
1.72999999999999,-0.762427116160448,20.9783899671735,13.0551574184164,-5.98761971295162e-05,1
1.73499999999998,-0.662662715882964,19.8763743356304,13.1159191045073,-0.000251690544666558,0
1.73999999999998,-0.568949373774193,18.8612191745548,13.1785859762699,-0.000510645394689783,0
1.74499999999998,-0.481131742535035,17.9542865263102,13.233479211976,-0.000800030254086361,1
1.74999999999998,-0.397761553964899,17.1716387733892,13.273754580514,0.2,0
1.75499999999998,-0.333139792037873,10.0619628849144,21.0730064802667,0.2,1
1.75999999999998,-0.304604319039305,2.41680918620313,28.9232462061227,0.2,0
1.76499999999998,-0.31564313032732,-5.87358200824372,36.7744379511198,0.2,1
1.76999999999998,-0.370408082620098,-15.1254387897865,44.5669843076012,0.2,1
1.77499999999998,-0.475043012027016,-25.8649284505971,52.1801305227315,0.0400483031178142,0
1.77999999999998,-0.625699663197393,-33.4304250354745,53.3874304498655,0.0400483031178142,1
1.78499999999998,-0.816452216492522,-41.7374997423771,54.1992579321532,-0.172512709240913,0
1.78999999999998,-1.03580853942046,-44.932956032239,47.0047110105963,0.00686597130487973,0
1.79499999999998,-1.27404761429821,-49.5334457453393,46.1651930240375,0.00235280624974253,1
1.79999999999998,-1.53054979944492,-52.0916440210695,45.2375898188548,0.000311271517505022,0
1.80499999999998,-1.79393036787918,-52.2181982553,44.5790778852223,1.11980575585632e-07,1
1.80999999999998,-2.05187292244491,-50.0200296149733,44.3947033592307,7.95383329431233e-05,0
1.81499999999998,-2.29438016130041,-46.1136070610503,44.6551579055555,0.000759487443405679,0
1.81999999999998,-2.51521890340967,-41.444289095018,45.1999559516977,-0.000236885771371977,1
1.82499999999998,-2.71244550802155,-37.0642988757026,45.7519060547293,-0.00652859426611756,0
1.82999999999998,-2.89094262970722,-33.9535559870482,45.9428306742244,-0.0160165972332485,1
1.83499999999998,-3.0583258418373,-32.7329677851335,45.554992795945,-0.0239245148477701,0
1.83999999999998,3.05908832050744,-33.5206227338785,44.6192496883554,-0.0279643896603576,1
1.84499999999998,2.88515369375025,-36.0501098270058,43.3033185486193,-0.0276754447892958,1
1.84999999999998,2.69477825796065,-39.7885470158808,41.8375629988507,-0.0226105712161482,0
1.85499999999998,2.48402503189646,-43.9858475899486,40.5211845475504,-0.013389564868969,1
1.85999999999998,2.25263675543219,-47.8089499347973,39.6698919586587,-0.00396636652501397,0
1.86499999999998,2.00469938139343,-50.5654626893765,39.4517786210872,0.000650627113681149,0
1.86999999999998,1.74626225073881,-51.7747354973946,39.8016472371706,0.000621076120302037,1
1.87499999999998,1.48625725277562,-51.1352358098817,40.5532029862279,3.09474068160238e-05,0
1.87999999999998,1.23457842966093,-48.6476316112199,41.5467444964059,2.07229637558728e-06,1
1.88499999999998,0.999794445964971,-44.6912787525407,42.5808112497443,0.000483100228160233,0
1.88999999999998,0.787273566820075,-39.9141761499639,43.4778510229424,0.0029951074829579,0
1.89499999999998,0.599380957060147,-35.0789712809318,44.2189612384753,0.00673132864746213,1
1.89999999999998,0.434412692732884,-30.8396461545863,44.8623355459123,0.00919442147352384,0
1.90499999999998,0.288003591949888,-27.5968532212879,45.4245634823958,0.00919442147352384,1
1.90999999999998,0.155439679320134,-25.5414693327187,45.8780928016681,-0.0473071997659226,0
1.91499999999998,0.0345087190727681,-22.9384669702538,44.055310150991,-0.0473071997659226,0
1.91999999999998,-0.0765040867294208,-21.5534074161999,42.1960470406454,-0.0473071997659226,1
1.92499999999998,-0.182838675891539,-21.1644844316645,40.3183401756723,-0.00677069355206517,0
1.92999999999998,-0.292302893825166,-22.9592774599397,39.9931036504916,-0.00677069355206517,1
1.93499999999998,-0.413031382192732,-25.5369871433954,39.6028005885417,-0.0936973620550365,0
1.93999999999998,-0.541878115377056,-25.9896954207603,35.8239476637321,-0.0936973620550365,0
1.94499999999998,-0.673610168334779,-26.5644194724035,32.0370660593662,-0.0936973620550365,1
1.94999999999998,-0.808272871036904,-27.0893282086423,28.2624751923971,-0.2,0
1.95499999999998,-0.939678570142278,-25.1569507081114,20.7029312269515,0.00114243674201225,1
1.95999999999998,-1.07052469562464,-26.8249598728675,20.4513241402715,0.00016578689494661,0
1.96499999999998,-1.2099892864193,-28.3830674650593,20.1365060321108,3.11342779847856e-05,0
1.96999999999998,-1.35663134721797,-29.7848226490286,19.8061433376539,-1.00778622905178e-05,1
1.97499999999998,-1.5097172116512,-30.9808909748386,19.484243488372,-4.88384198767623e-06,0
1.97999999999998,-1.66818301947355,-31.9332577948792,19.1936458100177,-6.4922717978863e-08,1
1.98499999999998,-1.83097360090747,-32.6190672471767,18.9528868857306,-6.67011994972567e-07,0
1.98999999999998,-1.9968592891528,-33.0336667690853,18.7747542627266,-4.66462632929855e-05,0
1.99499999999998,-2.1639834262304,-33.194243109188,18.6627237310212,-0.000410578456536855,1
1.99999999999998,-2.33171934617865,-33.1483373495304,18.600899154514,-0.00170899901969036,0
2.00499999999998,-2.49867870793836,-32.9856964443538,18.5409265821161,-0.00468521737166852,1
2.00999999999998,-2.6642173972624,-32.8468301385857,18.39684362868,-0.00964455629126713,0
2.01499999999998,-2.83023293653144,-32.8984807065938,18.0653050165452,-0.0159937037080355,0
2.01999999999998,-2.99697489442373,-33.2711081709882,17.4690773170565,-0.0223485595453422,1
2.02499999999998,3.11744139255687,-33.9862262245765,16.5998558145457,-0.0268356138949285,0
2.02999999999998,2.94528180865847,-34.9173519717478,15.5447546221979,-0.0278892411306219,1
2.03499999999998,2.76841110845448,-35.8292591308315,14.4688040238132,-0.0249297555625762,0
2.03999999999998,2.58711393838405,-36.4798519738791,13.5590826673759,-0.018822825512812,0
2.04499999999998,2.40383483853382,-36.7265664488207,12.9516967045743,-0.0116771332373727,1
2.04999999999998,2.22050523450712,-36.5677512642612,12.6816691180287,-0.0057422647786128,0
2.05499999999998,2.03908178479865,-36.0930040103424,12.6906400170505,-0.00209948487866026,1
2.05999999999998,1.86038783183341,-35.4012484144264,12.8822997123672,-0.000501917079577304,0
2.06499999999998,1.6850360058945,-34.5569623653601,13.1731443604089,-5.67084681006915e-05,1
2.06999999999998,1.51418189172139,-33.5942400480751,13.5117930039408,-8.62908045975667e-07,1
2.07499999999998,1.34867517310875,-32.5377477890421,13.8714471769625,-2.04206701438899e-08,0
2.07999999999998,1.188598585662,-31.4151095181534,14.2351551943209,1.6750322199418e-06,1
2.08499999999998,1.03455204592472,-30.259259416246,14.5877156017794,5.7010690400428e-05,0
2.08999999999998,0.886538342006109,-29.1087363410336,14.9172028112303,0.000319966859752452,0
2.09499999999998,0.743866464910144,-28.008956750792,15.2202923942886,0.000956945892657298,1
2.09999999999998,0.605596853300949,-27.0127055983285,15.5038766084483,0.00202794594843112,0
2.10499999999998,0.471213686671687,-26.1768278298226,15.7812827908795,0.00345098422254141,1
2.10999999999998,0.340685947488863,-25.5550683397944,16.0660186718548,-0.2,0
2.11499999999998,0.229222547343497,-18.724349168584,8.38192350442919,-0.2,0
2.11999999999998,0.152352767717242,-11.9341715214643,0.5897431670153,-0.2,1
2.12499999999998,0.109959214055826,-5.11839738198251,-7.24371275817697,-0.2,0
2.12999999999998,0.101107241235669,1.75838309275595,-15.0879084542887,-0.2,1
2.13499999999998,0.127341390486741,8.77377681857298,-22.9284894089648,-0.17727163875584,0
2.13999999999998,0.187898954500737,15.3526193979963,-29.8564185150734,-0.17727163875584,0
2.14499999999998,0.28228189362485,22.5739230164443,-36.7127400188577,-0.17727163875584,1
2.14999999999998,0.41515276133192,30.8823212630606,-43.3870193769138,-0.0195086757152071,1
2.15499999999998,0.581186748548699,35.5810494459434,-43.7464616277479,0.2,1
2.15999999999998,0.756720775946874,34.6407871423694,-35.7685424622581,-0.0102679136832126,0
2.16499999999998,0.938844893415033,38.3688241587527,-35.5143934743843,-0.00459096019709912,0
2.16999999999998,1.13852335981977,41.6533529657343,-34.9200782907658,-0.00246200745263859,1
2.17499999999998,1.3526851639451,44.1874398896884,-34.212770649584,-0.00070364473770896,0
2.17999999999998,1.57719298127231,45.6996444977672,-33.5322157041615,-5.05452830386711e-05,1
2.18499999999998,1.80585170934255,46.0644283611744,-33.0306190051573,-3.32279398318699e-11,0
2.18999999999998,2.03357397769758,45.3255345695202,-32.7904342935659,-3.88256230707204e-05,1
2.19499999999998,2.25566429463788,43.7047607056222,-32.8071879771626,-0.000164537148282898,1
2.19999999999998,2.468892401687,41.5795030870637,-33.0135988072606,0.000886833428080078,0
2.20499999999998,2.67151571013424,39.4531955429621,-33.2591094625523,0.0052707856588007,1
2.20999999999998,2.86452527670027,37.9050435727551,-33.3059296104435,0.0128645614559107,0
2.21499999999997,3.05200448034049,37.4103759247915,-32.9449802808638,0.0206104873367249,0
2.21999999999997,-3.04373171381272,38.1209373089893,-32.1343365027922,0.0250816630978958,1
2.22499999999997,-2.85032262052949,39.8016356952803,-31.0237438234546,0.0243284054710983,1
2.22999999999997,-2.64702436183014,41.9530116959433,-29.8862355349943,0.0184096392316369,1
2.23499999999997,-2.43321151034297,44.0225764081746,-29.0132567038496,0.00990303027806439,0
2.23999999999997,-2.20972170763257,45.6074834573072,-28.588203625988,0.00299238387046307,0
2.24499999999997,-1.97898266806971,46.5058884186435,-28.6144092540466,2.58281693962066e-05,1
2.24999999999997,-1.74565059176639,46.6102108787319,-28.9808923666027,-0.000217954763716652,1
2.25499999999997,-1.51460051029825,45.8518272433547,-29.5762138583295,-1.52954993806896e-05,1
2.25999999999997,-1.2894692289393,44.2526386718818,-30.317672700745,-2.22755337490723e-07,0
2.26499999999997,-1.07408761176539,41.9567260393569,-31.111674064689,-0.000149875006459694,1
2.26999999999997,-0.871155522838897,39.2144216464423,-31.8617307887844,-0.00130912911202013,1
2.27499999999997,-0.682152278322875,36.3598350362073,-32.5305875148246,-0.00406604458755636,0
2.27999999999997,-0.507241992485431,33.7625531302911,-33.1482806758291,-0.00764245775627743,1
2.28499999999997,-0.343443774237813,31.7421050599944,-33.754657480436,-0.0108113188315542,0
2.28999999999997,-0.18803597304125,30.5255892790896,-34.3584568083871,-0.0108113188315542,0
2.29499999999997,-0.0361191459661063,30.1789771875443,-34.856504659212,-0.0108113188315542,1
2.29999999999997,0.116679151811335,30.8026489781146,-35.2531698311463,0.2,0
2.30499999999997,0.257171103738051,25.1923555795105,-27.3472404018735,0.2,1
2.30999999999997,0.370373567480884,19.8903107877922,-19.5052217239256,0.2,0
2.31499999999997,0.456869296063735,14.655769405219,-11.7693883722962,0.2,0
2.31999999999997,0.516756085148318,9.4642194493987,-4.13928118949087,0.2,1
2.32499999999997,0.550820353751219,4.39308506785248,3.41235125181112,0.2,0
2.32999999999997,0.560227932633327,-0.443224423826195,10.9247696130368,0.000226878547238819,1
2.33499999999997,0.559664639380683,0.371028364390126,10.8895538670581,-2.56475801364619e-05,0
2.33999999999997,0.563250362627163,1.19387271987739,10.8419228647258,2.14644428442346e-05,0
2.34499999999997,0.571898878652373,2.02104538747241,10.7933092632457,6.88618282034449e-05,1
2.34999999999997,0.584637195837503,2.85762450020167,10.7438057522796,0.000115974628401339,0
2.35499999999997,0.602093376226115,3.70740187726634,10.6935348357794,0.000162522982912488,1
2.35999999999997,0.624022403062026,4.57444350344016,10.6426525252315,0.000208068582962691,1
2.36499999999997,0.650432871328606,5.46204717925069,10.5914109754709,0.00025176965527203,0
2.36999999999997,0.680724201256032,6.37288835690721,10.5401828921821,0.0002923566523274,1
2.37499999999997,0.715750532332082,7.30840226734443,10.4894924781217,0.000328046194693869,0
2.37999999999997,0.755775464321533,8.26993476943668,10.4400386427624,0.00035665679803255,1
2.38499999999997,0.801045119952713,9.25800164006139,10.3927529293439,0.000375410174117879,0
2.38999999999997,0.851572797384389,10.2720918236377,10.3488412274262,0.000381147104914402,0
2.39499999999997,0.907544877813372,11.3103816938032,10.3098109060163,0.000370904912750491,1
2.39999999999997,0.968433920560534,12.3697334230314,10.2775169231835,0.000342596451667102,0
2.40499999999997,1.03394086096542,13.4454261908297,10.2541210793745,0.000296786769556778,1
2.40999999999997,1.10444191273216,14.5314551289546,10.2421274820599,0.00023712487562741,0
2.41499999999997,1.17998178440147,15.6207870381916,10.2444880954343,0.000169957544996998,0
2.41999999999997,1.26054929304252,16.7054112866836,10.2645414657044,0.000104679189887187,1
2.42499999999997,1.34622620230227,17.7765738321539,10.3059383891654,5.13949179447958e-05,0
2.42999999999997,1.43690376157827,18.8250525123419,10.3724707985368,1.72304229961937e-05,1
2.43499999999997,1.53221649872948,19.8415077070025,10.4676812425468,2.6195900146285e-06,0
2.43999999999997,1.63280838859181,20.8168795338918,10.5942959238636,2.13379702204802e-08,0
2.44499999999997,1.73808169490536,21.7420870620641,10.7538417628328,1.6506643528221e-07,1
2.44999999999997,1.84776013245356,22.608636867743,10.9459657456448,9.89928166292614e-06,0
2.45499999999997,1.96186773463532,23.408766898426,11.1686886619644,8.20763400490478e-05,1
2.45999999999997,2.07996313450471,24.136159762386,11.4197198722981,0.000349872231617914,0
2.46499999999997,2.20195853608784,24.7883379361485,11.6991152020487,0.001044759172828,0
2.46999999999997,2.32762428606254,25.3700633851045,12.0131558036049,0.00247725227955828,1
2.47499999999997,2.45560399394236,25.8978548575946,12.3781049744567,0.00495581305242241,0
2.47999999999997,2.58536184057213,26.4036071433359,12.8216900004092,0.00861425699620117,1
2.48499999999997,2.71761098067495,26.9313566983402,13.37767577324,0.0133008828847129,0
2.48999999999997,2.85378734317742,27.5278059367129,14.0743844231129,0.0185566223943723,0
2.49499999999997,2.99356981448229,28.2294598328261,14.9206279998243,0.0236194243095731,1
