t,x1,x2,x3,u1,u2,sequence,xlb1,xub1,xlb2,xub2,xlb3,xub3,ulb1,uub1,ulb2,uub2
0,0,0,0,0,0,0,0,0,0,0,0,0,0,0,0,0
0.001,0,0,0,0,0,1,0,0,0,0,0,0,0,0,0,0
0.002,0,0,0,0,0,1,0,0,0,0,0,0,0,0,0,0
0.003,0,0,0,0,0,1,0,0,0,0,0,0,0,0,0,0
0.004,0,0,-10,0,0,1,0,0,0,0,-10,-10,0,0,0,0
0.005,-0.0218260576519843,3.84949935007338,-8.92586606386817,0,0,0,-0.0218260576519842,-0.0218260576519842,3.84949935007337,3.84949935007337,-8.92586606386814,-8.92586606386814,0,0,0,0
0.006,-0.0653816435015012,6.57543914052667,-6.0465906846501,-0.00902616181647083,-0.00694016544865192,0,-0.0653816435015011,-0.0653816435015011,6.57543914052667,6.57543914052667,-6.0465906846501,-6.0465906846501,0,0,0,0
0.007,-0.178666377480612,7.63672022492763,-2.13143472502557,-0.0376271439656937,-0.0478065795631302,1,-0.0928527115649383,-0.0928527115649383,7.69029161830916,7.69029161830916,-2.116552812963,-2.116552812963,-0.19385195675585,0,-0.301058221548428,0
0.008,-0.520568147406624,6.68076368937407,1.80515782732019,-0.0834707074721966,-0.0882577579608108,1,-1.9322710030462,-0.0844522519028352,4.76904127651285,7.08691144894887,1.3012677542158,1.94762945425998,-0.285542332854102,0,-0.418565347954446,0
0.009,-1.24335507750295,4.07603407116302,4.75565040878537,-0.0921055303670722,-0.0884115635843388,1,-3.59097143462831,-0.050891903345788,0.718137120449904,5.03046839853407,2.89508246810236,5.27424359400983,-0.285542332854102,0,-0.445179366966413,0.0979035689664899
0.01,-1.98253687611329,0.81814850839972,6.08979478127046,-0.0654658304253957,-0.0528770074606956,0,-5.22116803444928,-0.0204947554412076,-2.51464745067858,2.80917157633962,2.51698102073298,7.56286358246858,-0.260271359902148,0.116478131260591,-0.269534149282971,0.155796454686274
0.011,-2.41542099729869,-2.07650766768769,5.73111358300851,-0.0183888575296414,-0.0101277645551099,1,-6.24639815326387,-0.0147465863870047,-4.94452283271838,0.145301770252452,0.462579951660734,8.24216349420609,-0.230659572712844,0.22843227500964,-0.215874536687561,0.159812506855236
0.012,-2.37140699570072,-3.97143734394819,4.05714799708456,0.0543394627927772,0.027356081597877,0,-6.69311555253576,0.366620668098932,-7.14836718423152,-1.33529673948232,-2.92280258291802,7.49958616589162,-0.170283979575548,0.285184138580471,-0.168934578100964,0.170998133874643
0.013,-1.63869942528536,-4.58831100439343,1.69675090585813,0.121270517288075,0.0685472825153485,0,-6.02751775854428,2.33217901539489,-8.02479708357125,-1.79827266367771,-5.52996014888522,6.15742991097123,-0.0951876521058216,0.307764566959966,-0.0983641140805172,0.217823977213634
0.014,-0.33119456007239,-3.86942758398715,-0.629500614017148,0.111405603391978,0.0694798663908996,1,-4.37388189645499,3.88127058706357,-6.57576706426001,-0.370657936363431,-6.72237364778194,4.09671095294044,-0.0637943487477273,0.296201034859666,-0.0983641140805172,0.266297887597597
0.015,0.762661521708059,-2.38107764339772,-2.34449482415944,0.0944369186429642,0.0697784550590284,0,-3.28393674816115,5.92828327251099,-5.44164453056543,1.900677620251,-8.60648267497412,1.90986281782346,-0.0767619988597786,0.280718892472517,-0.122832199487592,0.301788465435962
0.016,1.59089971199271,-0.503133934279058,-3.13121112854713,0.0372206062682618,0.0668186537760015,0,-2.77162931396906,5.86906494792913,-3.96171796311672,3.87067646832451,-8.62414670743346,1.35244344499613,-0.140261846789099,0.213863769629054,-0.123573543675983,0.269249374373447
0.017,1.79386685305247,1.31006383795846,-2.90248049061456,-0.0436228395053489,0.0603530225136356,1,-2.39233881541223,6.22608616248425,-2.17659487330898,5.14558660658448,-8.02098475954404,1.99306707590108,-0.25681837552426,0.135046686167257,-0.131092465407925,0.269249374373447
0.018,1.20749753881106,2.6517807059605,-1.80746063881317,-0.0552061469010823,0.0129292265061515,0,-2.95859975091993,5.47131219846656,-0.389053557964521,6.50129277861361,-6.46770356617503,2.90879139478903,-0.260501484350447,0.120504978021988,-0.180959539562008,0.241232579861202
0.019,0.568486087024849,2.96038434233583,-0.262052004994919,-0.0767517293620387,-0.0144419461565883,0,-4.12598533257254,4.75188758269291,-0.080903228632791,6.76489774185446,-5.16233274157486,4.67821599973303,-0.295878611040549,0.108816287077278,-0.232689458698454,0.148316382998365
0.02,-0.212927857287265,2.40801164296126,1.21311058579631,-0.0702555870983214,-0.0310444954833121,1,-4.63116342857202,4.05360523354751,-0.736821631984738,6.34181425186789,-3.41860232584481,6.38809071564929,-0.295878611040549,0.120130848224038,-0.219582927727829,0.12136279605728
0.021,-0.858978347680715,1.26427977024157,2.21926877095569,-0.0658706037277633,-0.0464172087545697,0,-6.3541313681277,3.72782729719939,-2.6152977282562,4.98102075482691,-1.93597595904926,7.27399473776781,-0.305169906115837,0.114814736703331,-0.284867330169533,0.120497915646082
0.022,-1.4054155896185,-0.171583933021658,2.51430740404191,-0.0188565757316961,-0.0469190881595585,1,-6.62553420735555,3.19020315149126,-4.71785909662924,3.66687123600853,-2.09217056290493,7.65316458116451,-0.241568233836773,0.191147828420506,-0.256746678051471,0.116652807209611
0.023,-1.4550289059983,-1.45957570486923,2.06008867441271,0.0387752861579528,-0.0136647478166178,0,-6.72602737944419,2.51961646954524,-6.22428762469758,2.49909453203438,-2.73107610397308,6.88562183086756,-0.139051485438791,0.180202576328943,-0.198962409068653,0.154176112751771
0.024,-0.951307474172168,-2.08208347520114,1.08281084277676,0.0548295579036556,0.009000226860969,0,-5.7220201789579,2.84530622609941,-5.99526293435859,1.13716590369169,-3.60061432939838,5.8735671755497,-0.115035473780859,0.237276007195592,-0.2190425299067,0.222417855845873
0.025,-0.341497079695951,-2.04181040409066,-0.052291621565124,0.0418428235485281,0.0260161359250081,1,-5.27293573289306,3.19374844381441,-5.47531416125536,0.616350202942082,-5.39469943240291,4.5899479177289,-0.0881666310864646,0.211727698518046,-0.172385036706997,0.21656011002525
0.026,0.0870353783967233,-1.44251360430666,-1.00949781730854,0.0500911800693964,0.0361197406758933,0,-4.02132148934349,4.15936009264184,-4.84479031060948,1.3319500876449,-5.79858465917162,3.28453602756096,-0.0762873293330538,0.20013888749129,-0.143908965488635,0.213967155726214
0.027,0.554528047455441,-0.508190479988777,-1.54318276484653,0.0268770665584089,0.0389203663888174,0,-3.41202018000342,4.89313929798993,-3.74629909004073,2.64589344111745,-6.6131147175453,2.35205708954054,-0.128780107164429,0.192876236582976,-0.146752178199931,0.213967155726214
0.028,0.760257476452859,0.48181994071414,-1.54648295328157,0.00863778327218236,0.0365657356632362,1,-2.87510413751443,5.03913997728609,-3.25612406061458,4.74406954303492,-6.33388789787748,2.14267773289394,-0.143235841209776,0.174891401565472,-0.132358313103453,0.189001323358435
0.029,0.776022070024525,1.27587838004569,-1.05892471973881,-0.0117097761775304,0.00339129301242413,0,-2.49735361771781,4.52912321043791,-1.92832485479609,5.32202496690158,-5.4131027828346,2.29797448107426,-0.175884048702882,0.115923897256898,-0.135543387756589,0.178862868938168
0.03,0.594050097381405,1.48271049065542,-0.298530887783122,-0.0276092548173674,-0.00635485672312789,0,-2.29331327525528,4.50032609208586,-1.3542650244657,4.85609606951675,-4.78903410808861,2.63241374241324,-0.204044783507868,0.0886218697053197,-0.137675946980133,0.192297516477091
0.031,0.269884606234041,1.28157292455988,0.460890946212632,-0.0204993411249163,-0.0246612561651362,1,-3.14863394617054,3.3876569739248,-1.35229382114879,5.54314262540984,-3.66801743323633,4.24539223753942,-0.200757003924251,0.101682730252112,-0.171349890564148,0.174364511631299
0.032,0.0428729528966018,0.68187795879486,0.998362625248606,-0.0274513203689139,-0.0165352718542799,0,-3.13366236267235,3.61279938572475,-1.6055183638188,4.80606773479189,-2.6851143469546,4.89944915028019,-0.179706931562673,0.0776951777785839,-0.142693611942794,0.156072864607877
0.033,-0.2174066111701,0.0489723620725099,1.19726736166663,-0.018938885638234,-0.000731695732224634,0,-4.38739098916244,2.94621611401298,-2.36601321062987,3.65059920332626,-2.60737947886031,6.23762746304746,-0.149016477204962,0.0936615038632337,-0.140694966570018,0.137731781821919
0.034,-0.365357258840504,-0.42106542298744,1.09302985094246,0.00332939188298109,0.0111116697660906,1,-4.21597303218048,2.66233824407786,-2.65931939885025,2.84791439703575,-2.22762839072074,6.66028961661013,-0.117697879551191,0.118309266800514,-0.135653130279984,0.137731781821919
0.035,-0.29716405277778,-0.6755961013975,0.789073905175922,0.00245754968283653,-0.00192528733984373,1,-3.59038645101563,2.39662903185387,-3.62610001482028,2.23095366540695,-2.19069782372614,6.3365437847181,-0.117682533233479,0.122242253847721,-0.119381344934926,0.128809603351693
0.036,-0.249403198778564,-0.86989394703149,0.362017663206841,0.0395535466853897,0.0130887585909652,1,-3.46561813089015,2.54235203989329,-4.21560841887143,1.5392584964055,-2.18305746635471,5.09295248907288,-0.0846519429639889,0.150325952173868,-0.089617979494642,0.148159032957017
0.037,0.147200318179403,-0.749516075643707,-0.0835838727840345,0.0334726006321381,0.00847428967373532,0,-2.82634537210076,2.66432109924102,-3.73034535449318,1.29251040395145,-2.70912993030959,4.11125503514533,-0.0901770441088796,0.184433581968616,-0.125116834094949,0.151167585307626
0.038,0.448180482125968,-0.5149572114962,-0.430790467272605,0.018174827532646,0.0239090160758668,0,-2.32671337199917,2.85733936663274,-3.45667650235438,1.60893650718284,-3.39023415030349,2.87898903299701,-0.104357208312668,0.194698441069287,-0.116375154642425,0.174512982037635
0.039,0.574442212243817,-0.0697537678926339,-0.589911929335854,-0.000142038373401673,0.0174476434235786,1,-1.84551305755559,3.4625651251695,-2.67588070338655,2.15336977829087,-3.92368598987354,2.26320871399142,-0.123208910603523,0.148200256272081,-0.0983111661450012,0.155639251990621
0.04,0.515503128304657,0.307540271148952,-0.522587074591086,-0.0276086954157343,0.0211474681829056,0,-1.87555401793632,3.74830292767554,-2.24909198152935,3.15769886885204,-4.14835246212415,2.08209014971965,-0.161517451274112,0.0695635204932379,-0.093105085619459,0.183760764690652
0.041,0.202995693305877,0.621340306944301,-0.265258866226368,-0.0302348804067496,0.0138610917968016,1,-1.95528210482245,3.15763851457274,-1.61411925042754,3.03975782315863,-3.23576309738104,1.94773565601045,-0.161517451274112,0.0601698417528793,-0.110755362028739,0.117756985723384
0.042,-0.104301629381534,0.722771093111499,0.105066644605036,-0.019238541511195,-0.0030770486138256,1,-2.27377224471306,2.85793030074265,-1.53616781038325,3.02731616695523,-2.88214886204128,2.75098272039491,-0.129675566416265,0.0693290284143945,-0.129378596038449,0.122161194021487
0.043,-0.278756901114773,0.530660042495615,0.448816806041469,-0.0106818785345466,-0.0131709056698087,0,-2.37767955339361,1.96561292936933,-1.60221147868287,3.29240040992673,-2.26333131838098,3.46424910704866,-0.128808607817485,0.0778987019816149,-0.155137763787482,0.101451920317292
0.044,-0.355839990603792,0.162203702346672,0.63764596730014,-0.00589989412710391,0.0066051285502881,0,-2.67323809651564,1.80803628044882,-2.26203772179929,2.35741153661751,-2.26761175766652,3.60604785784265,-0.104845980504388,0.0849401007061599,-0.124368385980888,0.0761624911719408
0.045,-0.378834512333719,-0.0597077304807546,0.665104208557809,0.00335066358627154,0.00653528317560118,1,-2.41947756381979,1.64491664985638,-2.35700387811187,1.54683346688082,-1.9891407815358,3.48808982400725,-0.0944069733222563,0.103040468451127,-0.110322598905281,0.11041915503387
0.046,-0.306612678195219,-0.251264463444554,0.579555287801285,0.0201712735712771,0.0145680161060202,0,-3.13073546921447,1.85982390112987,-2.2448258980225,1.56982972401563,-2.07614614871221,3.2047992609545,-0.0637216403105014,0.120532409616129,-0.101271464719893,0.119173451735169
0.047,-0.0763399087771189,-0.311806019067864,0.425481925518885,0.0138974525327672,-0.0266726539654962,0,-2.90470819392863,2.17592940306574,-2.83756780764319,1.46692814546714,-1.94067099205504,2.50784191044767,-0.0813436937361119,0.120800506247037,-0.105164067291886,0.105827541652913
0.048,0.0601541593501628,-0.618508256890867,0.168966418635797,0.0190971254695024,0.0417240206299384,1,-2.39193186258347,2.5407502474661,-2.50491333565079,1.26463073519001,-2.29128402500527,1.89522800157117,-0.0813436937361119,0.120800506247037,-0.0930897252371562,0.10876802269362
0.049,0.226103342985312,-0.24491794947445,-0.0668199071765377,0.0163195681390706,0.0602096200556593,0,-1.6839519033058,2.61727374434912,-2.15745383150177,1.25910847039504,-2.2934842348375,1.79286794735056,-0.0705118135028107,0.11181136436892,-0.0782071317942753,0.130583647050442
0.05,0.357445332294946,0.29012746706211,-0.052449879262663,0.0120359120298549,0.0665307432828915,0,-1.59333340381385,2.52099918206303,-1.80521387436202,2.0815742233467,-2.1085446474839,2.06139828364746,-0.0738766608356251,0.107203144937233,-0.081976862844775,0.113777165629526
0.051,0.446315612044001,0.765698739297911,0.238695471101928,0.0160644524996801,0.0396669963269185,1,-1.41830796382911,2.78585234556729,-1.34329729553457,2.96612376724293,-2.26468473386657,1.98752655342859,-0.06256080977802,0.103599404244553,-0.0896883665583698,0.0963565914276475
0.052,0.576513628836713,0.827771049879803,0.674920004779379,0.0279887396888269,0.0181724575496174,1,-1.33095135488909,2.37154480041798,-1.20288415172584,2.20259060905843,-2.26342585636569,1.93802243621287,-0.0651258621964125,0.0792922299738792,-0.080979210438537,0.068046583891457
0.053,0.813185537591349,0.531960149327365,1.04393371473022,-0.000366242309381268,-0.00826747522360094,0,-1.27054262902101,2.179778082029,-1.32649816557898,2.099365810975,-1.91695445411221,2.44639324416154,-0.0732768526440666,0.071894742525697,-0.0794942139033368,0.0698847727563421
0.054,0.744517548392699,-0.0624344584016185,1.16753649431887,0.00307370623552071,0.00128598242028164,1,-1.15846409169136,2.03279655895154,-1.65770890603098,1.93997954256463,-1.82848084164418,2.47491400754114,-0.0702110454329966,0.071894742525697,-0.0607948221717414,0.0802357414395657
0.055,0.689830779970076,-0.514393726301659,1.00726603722243,0.0130130350511066,0.0322336592770709,1,-1.33310899304993,1.94008196847577,-1.87900391185237,1.91501890290869,-1.46648266880726,2.26148907986494,-0.0632343492909771,0.094021070982741,-0.0696678727133996,0.0813987379402358
0.056,0.732051190891588,-0.579117850724664,0.707547556059673,0.0203713902366002,0.0474350417922946,1,-1.39167588424501,2.13848989134234,-1.72437235126602,1.18395095003104,-1.43949212205035,1.81895905466804,-0.0694725868154271,0.0631425715347757,-0.0864176040697836,0.0935643457605829
0.057,0.851806120238567,-0.400149604444228,0.439733704519615,0.0290013008229429,0.0574700053727005,0,-1.57536913637858,1.83294728715775,-1.93319627613534,1.01591152015345,-1.68573284304925,1.56468836968911,-0.0633383805857377,0.0656572843102941,-0.0726844584458807,0.0824389245149101
0.058,1.04950439245758,-0.0752335922452362,0.309640663781291,0.0362848796497352,0.0578189970900778,0,-1.20807825458984,1.80878167806822,-1.62406354399721,1.37541996276897,-1.74174972419216,1.72726044513124,-0.057757268682225,0.0754212246829296,-0.0668506589643783,0.0672095610477106
0.059,1.30176101004702,0.236954699660176,0.352096145465331,-0.00878107746817366,0.0435973864434265,1,-1.15214802418456,1.6623088149149,-1.61385270284382,1.45167765169314,-1.84712671266952,1.7671199917294,-0.094474453661743,0.0511688267338752,-0.0641996273702089,0.0666746162971928
0.06,1.10234850831765,0.360151702064888,0.511275566971958,-0.0302083406227416,0.0351077847928023,0,-1.10050789304481,1.94030871149118,-1.36825816244979,1.40886563079575,-1.54267835038509,1.44166801656128,-0.0780130514912456,0.0510140615863336,-0.0573197266046778,0.0803277080153128
0.061,0.716309406931469,0.335281494788279,0.69796519239173,-0.0325709153690646,0.0203648787569179,1,-1.19740907456734,1.47134243033848,-1.13109041317649,1.44593624325005,-1.5885355875317,1.49938911687404,-0.0875497823331127,0.0412373981491683,-0.0734446083162881,0.0623258742196436
0.062,0.34081299994285,0.137877398602638,0.825196754338952,-0.0135586414976714,0.0098652484381632,0,-1.46897623980187,1.30325426804747,-0.895643694701283,1.28964432682461,-1.76776841226148,1.48714844020185,-0.0731431935680533,0.04141219385912,-0.0659518458257042,0.0629326792871449
0.063,0.170341842013689,-0.145628248006988,0.822007596787851,-0.0164683165623941,0.00284899853051905,1,-1.61888192416868,1.05508875532382,-1.26818373260284,1.28318575516945,-1.59690423577985,1.67067133409557,-0.0587039632632895,0.0526757944104067,-0.0627756846799887,0.0508558318192454
0.064,-0.0234434254296579,-0.423008209107752,0.665807689234243,-0.00762942786902979,0.0301549817905396,0,-1.40631714130392,0.981612624914001,-1.17653781788025,1.30365681470096,-1.62481513683982,1.63773484731854,-0.0531222483853596,0.0406745360129596,-0.0622446804762171,0.0457549529599558
0.065,-0.110416210927388,-0.371348771750844,0.449631599220073,-0.00429041188437588,0.0302551076720646,1,-1.39903053858933,1.08691480210856,-1.26361153062324,1.11939931998277,-1.32593440655604,1.55252438441418,-0.0545154810541292,0.0467115918939131,-0.0579642928351545,0.0464985191691894
0.066,-0.144971445518113,-0.240267472136395,0.283372159501748,-0.0103217813989212,-0.00160236486339091,0,-1.54073731160899,1.3125015595043,-1.17251291963329,0.993943989633523,-1.53206703973206,1.51150732229709,-0.0520489853480636,0.0391814344301628,-0.0434653273502196,0.050734919508725
0.067,-0.223749850115411,-0.313207787119228,0.13082622179518,0.000134654676679695,-0.00802752293148699,1,-1.44785763708545,1.12044956953992,-1.08079098462319,0.808955646369016,-1.59825270823462,1.31132523438979,-0.050262259656604,0.0349874423748249,-0.054919858873413,0.0450198359382038
0.068,-0.192809276734872,-0.364735733285103,-0.0563790627273104,0.0119662225773507,0.00869176577320376,0,-1.07211531358542,0.93727395081938,-1.11327140478243,1.00573825240362,-1.33459990712339,1.23868449387739,-0.0411425204794305,0.0541373985268451,-0.0413951953961429,0.0404772117856599
0.069,-0.0548758033078217,-0.208216045943237,-0.213391539864382,0.0145417612135667,0.00560647795243836,1,-0.942790574328914,0.923556635070487,-0.993833717175034,1.01532320199229,-1.30723993491251,1.05154112255364,-0.0371801879396501,0.0610525616561037,-0.0471995651064043,0.0354007048826913
0.07,0.0890563800198682,-0.0434967759565758,-0.281316077147133,0.000533750245125274,-0.00526865589257797,0,-0.738125287061766,0.861344245862309,-0.967566276219077,0.886166750697785,-1.37601510188048,1.02279330737486,-0.0540180488318456,0.0402485244728761,-0.0418220382854577,0.0437520554144674
0.071,0.0808521601607111,0.0359728704834871,-0.282309900563039,0.00438319164482458,-0.00521179817263548,0,-0.699387585659346,0.70681217009155,-0.876594679385617,0.840087377541114,-1.34809698424787,0.957795357669628,-0.0353554772951742,0.07013884232571,-0.0580084667171805,0.0484522027091323
0.0720000000000001,0.107752706154956,0.102241672600435,-0.243293601759779,0.0190901841469293,-0.00832222381396179,1,-0.706481122630565,0.978521632926188,-0.674188486939082,0.949261528004477,-1.12889700106625,1.04411179513317,-0.0353554772951742,0.07013884232571,-0.0551044058111081,0.0472831785810393
0.0730000000000001,0.274036923404019,0.116490604743644,-0.182697185201023,0.0133232435993726,0.00415888303367486,0,-0.857618363127642,1.07446385406174,-0.940509113644289,1.02440970126024,-1.18226981632291,1.14851327565895,-0.040735446573342,0.0483771139363857,-0.0551044058111081,0.0494510986917631
0.0740000000000001,0.372596660359659,0.198524306850466,-0.0959287720795443,0.00425560567701514,-0.00137377958782352,0,-0.915880178511173,0.947102281050319,-0.828606625536885,1.14717916782527,-1.16164305774636,1.03768118541906,-0.0464707246020665,0.0481722820449903,-0.0436271858920446,0.0429654272713984
0.0750000000000001,0.375445543306625,0.186537151571904,0.00906231222919998,0.000721040649750752,0.000482556186538929,1,-0.793913753052596,1.28356680589439,-0.762533452732974,0.962812185595701,-1.11034098624663,1.07151905213396,-0.0489042583888962,0.0353814294238855,-0.0371105900517489,0.0506373297560546
0.0760000000000001,0.344272949693726,0.149169180034833,0.100043050455932,-0.00773241261562688,-0.00914822084730973,0,-0.854013532475205,1.06964758236388,-0.890544368582622,0.794538838730443,-1.17765262503042,1.09164584230544,-0.0395228090074411,0.0377885697478018,-0.040078326002523,0.050258075783429
0.0770000000000001,0.237618965407112,0.00870495535195422,0.141861376406511,-0.0128778926111359,0.000715662263390092,0,-0.733730683699972,0.954617417221754,-0.82708139071029,0.660265316980397,-1.14744133197425,1.11705643311385,-0.0485694390256801,0.0330760372443781,-0.0379382462490073,0.050258075783429
0.0780000000000001,0.092009416504633,-0.0451779440430585,0.131273082238224,-0.00334424090183328,-0.00690380422747235,1,-0.831302982276746,0.826540974632224,-0.928235047676798,1.04349608766484,-1.311653531425,1.15565625289244,-0.0414518728574979,0.0378904991409493,-0.0495206223615873,0.0230596902511005
0.0790000000000001,0.0493645486869591,-0.141620900145855,0.0795356022243855,0.0143139432975393,-0.0149260838830845,0,-0.840073839304165,0.881546385046138,-0.855804894202669,0.784816997251576,-1.25724490542344,0.755314548567101,-0.0321621253546323,0.0378904991409493,-0.0477978612842922,0.0302863556977318
0.0800000000000001,0.178807468192612,-0.260330398801749,-0.0313637955722529,0.00209031526675314,-0.00628086115781093,1,-0.73839110479355,0.981774062543751,-0.819763177959215,0.730498172128758,-1.0371891056173,0.817039540560321,-0.0406152311630042,0.025327079554662,-0.0385359850440604,0.0371663208622004
0.0810000000000001,0.181261038361532,-0.247024774153805,-0.170745987789867,0.00173694198680117,0.000877344539699543,0,-0.617958311576551,1.13297278119409,-0.819673051752032,0.688550297458731,-1.0155169917368,0.576609547252457,-0.0293209679700871,0.033723291782378,-0.0396541875972445,0.0371663208622004
0.0820000000000001,0.180713177027979,-0.126463367308918,-0.273048046414748,0.00415590609323564,0.00237304812552163,0,-0.640042715466376,1.08542812195321,-0.609973585821328,0.940550233416844,-0.951908607313368,0.7107855441336,-0.0325364760861318,0.0242399338315573,-0.0311809192898491,0.0298927813436217
0.0830000000000001,0.203263160641854,0.0238211910339238,-0.300903651777893,0.0091545315907657,-0.00134371193036132,0,-0.662290734235601,0.746010833603657,-0.518040849038903,0.791862037247695,-1.02398885911094,0.722916991024,-0.029686275816115,0.0353487053783057,-0.0351470566820807,0.0236263224174375
0.0840000000000001,0.272279495952669,0.129775494878732,-0.258702773306364,0.00296952429746272,0.00196411323067252,1,-0.611521140899524,0.6345540772436,-0.565633454105033,0.821223714727241,-0.74367519658035,0.857800928538313,-0.0344784017235143,0.0256068681707334,-0.0340508647587747,0.0290975068386456
0.0850000000000001,0.277124100075027,0.225905805257417,-0.161205796379447,0.00270222708199934,0.0131747158776575,1,-0.456732926896142,0.851386471715769,-0.625705457339408,0.781476251193743,-0.737435738384934,0.770091714588869,-0.024734495900793,0.0313968354813291,-0.0263638513774086,0.0269958939384671
0.0860000000000001,0.276463341721311,0.352571574205983,-0.00276996026163875,-0.00134535881882858,0.0155501780592157,0,-0.411967690307754,0.926548008290534,-0.538555299483714,0.805723164975538,-0.834417189858821,0.783470500486996,-0.0319584092881104,0.0201233529188089,-0.0226560984461784,0.0264280978089111
0.0870000000000001,0.234636846681303,0.411275927419748,0.205659214240864,-0.00906639258239969,0.00514026619487378,0,-0.587106186840697,0.936562820115738,-0.503696634560979,0.67264098080091,-0.799993766524201,0.736628993803146,-0.0320517056043798,0.0187394183242035,-0.0227566457154453,0.0203037296202496
0.0880000000000001,0.128011828437486,0.295602963621938,0.398053744396202,-0.00695052600460766,0.00306884624758593,1,-0.490568591214474,0.748991240000443,-0.454996786875977,0.639909822715437,-0.732205324849653,0.908945359121838,-0.0261679181692873,0.0223999672200061,-0.0295729502842682,0.0252773718767098
0.0890000000000001,0.0553924494524625,0.110175282825272,0.508274910046349,-0.00820596620387562,0.00654126831109589,0,-0.423364591179146,0.656136039082294,-0.555161818784104,0.5096687551492,-0.522809432301525,0.810852692607539,-0.0261679181692873,0.0187711711613246,-0.0267889657675638,0.0270360149843599
0.0900000000000001,-0.0239208350398595,-0.0557286417961456,0.522534296184465,-0.00573019767021572,0.00256217796950544,1,-0.537174398494239,0.6042576618907,-0.612425756464042,0.484455601683523,-0.62927778182273,0.618212154305242,-0.0258515919838402,0.0223999672200061,-0.0311814888654494,0.0345455100653424
0.0910000000000001,-0.077639385921308,-0.225073251542333,0.444662614946137,-0.00668020646340711,0.0104546480524341,1,-0.67261947685099,0.513138199341604,-0.681257663962831,0.439127252048848,-0.647115212846379,0.620881424249257,-0.0273793249621834,0.0274527491320028,-0.0233608384530835,0.0394638812131304
0.0920000000000001,-0.139393157682622,-0.269755152700946,0.308059452555425,-0.00436777994786211,0.0132136488195907,0,-0.649254341392762,0.512887238950511,-0.488585986429522,0.447353146020013,-0.711399914862703,0.529698052005599,-0.0199404385822297,0.0249020812786742,-0.019457330945855,0.0244939763961138
0.0930000000000001,-0.173413362255703,-0.230629173438931,0.169714272664526,0.00686438840407695,0.00924085224504874,0,-0.578763868105537,0.483828603891051,-0.549056287311398,0.498255707677493,-0.589246812605916,0.650301333073145,-0.0167707908136072,0.0236822705268957,-0.0196914633279586,0.0231689052643018
0.0940000000000001,-0.0958927085327125,-0.177416262687924,0.0566172862342827,0.0140454844800164,0.000604117867969709,1,-0.58454609331662,0.434501278443472,-0.463123957856183,0.485043464501605,-0.581905191179799,0.804077280399512,-0.0129950099963847,0.0160214574653081,-0.0208714622764088,0.0192823633378398
0.0950000000000001,0.0446905652237823,-0.159761181984798,-0.0368108881464252,0.00732126590714892,0.00754821085336371,0,-0.521165632650567,0.361871700872652,-0.385892191973565,0.46164161862191,-0.64089272419966,0.734817068106176,-0.0187381313044171,0.0214149418103933,-0.021406324120461,0.0188495794410389
0.0960000000000001,0.110121755531526,-0.0569718991687628,-0.0963510706843943,0.0127005811850953,0.00686894578266451,0,-0.429745700153948,0.399761204977239,-0.400647194355295,0.322247655040477,-0.643852669269248,0.616913810473969,-0.0172946035345447,0.0206200517694286,-0.0199986623426997,0.0211905795108239
0.0970000000000001,0.220745712418198,0.0449153073186321,-0.0994462943396894,0.000374677422089676,0.00509046455094007,1,-0.392226453607661,0.422592899802189,-0.453237851335556,0.398777772253301,-0.738780744621415,0.503759048187337,-0.0194902042936977,0.0140738823204636,-0.0226769447321089,0.0205789563543427
0.0980000000000001,0.202408549754041,0.11592781597299,-0.0552036729546893,0.00277157141958526,0.00564013028992293,0,-0.444057613116024,0.495744592563598,-0.395869264099625,0.432001454800911,-0.647001846086528,0.412520085568814,-0.0206524949670419,0.0142356584732959,-0.0186203570480462,0.0165347028949577
0.0990000000000001,0.208097861933527,0.160859673853925,0.0205433759129379,0.00227681106792268,0.00189209074227448,0,-0.514063971471488,0.583115754285713,-0.325804742024474,0.312842120732095,-0.516721265412339,0.42421956158132,-0.0194290209378066,0.0138871840962914,-0.0155436333371608,0.0144259670816522
0.1,0.209740792278701,0.138366436890358,0.101954746649866,0.000897281904816012,0.00327340214895659,0,-0.44823108121521,0.422600129116324,-0.303017929850544,0.412926428434443,-0.538006244006775,0.418598982017632,-0.0124622962844968,0.0183007653145315,-0.014092404169103,0.0171171677677056
0.101,0.199844468849893,0.0975162818512627,0.165779459195057,0.00366999409454459,0.00644054045920937,1,-0.454214605206053,0.434596258683987,-0.295213614842192,0.249005614887037,-0.518909026209236,0.449792527668353,-0.0116009454165523,0.0177548543432698,-0.0121017757137623,0.0238371222624147
0.102,0.218014961020637,0.0618520720882802,0.208662192147772,0.00733489637948126,0.00673495128607214,1,-0.396844319467859,0.437300955134174,-0.282626560255896,0.395073180959835,-0.456152160321104,0.561089115094161,-0.00999549282562805,0.0162627279119496,-0.0120056673009613,0.0251072632047453
0.103,0.268486690784982,0.0164815464788587,0.229533668694526,-0.00297588042964998,0.00411377169302934,1,-0.361822819074016,0.407717350107508,-0.319644197659054,0.461272666097025,-0.420021087174885,0.401300118954991,-0.0140221619881799,0.0122611645755675,-0.0130151810323096,0.01737939524042
0.104,0.214162242319254,-0.048929763216674,0.220301182248527,-0.00205448065677827,0.00571651302154281,0,-0.290055025860732,0.41648539533659,-0.195477338552591,0.401605162886298,-0.387364621100253,0.427814756823971,-0.0154841054470335,0.0134629810729399,-0.0139117216568799,0.0168844721679177
0.105,0.172197114720859,-0.0847946234997959,0.183710826503464,-0.00146591424256484,0.00546466137083558,0,-0.270410993175261,0.299031578780986,-0.255508504076902,0.328626064843598,-0.290603156818798,0.492384921961265,-0.0150249926179573,0.0150055933576998,-0.0138498223387753,0.0178373086877837
0.106,0.139627703585841,-0.100123125586822,0.133214698401248,-5.80397088252502e-05,0.000627734778413355,1,-0.32090332417083,0.325951274491392,-0.265934701514406,0.335967454895788,-0.229876855387518,0.510993222452577,-0.0147016466857674,0.0107376482391044,-0.0140959815093779,0.0132649497653669
0.107,0.124532414452733,-0.129043035042351,0.0704532117652505,-8.03105238072621e-05,0.00112000373756189,0,-0.296023724567751,0.34176360648328,-0.325804968888482,0.282974997259037,-0.231304879200382,0.504698958499497,-0.0142468412176708,0.00995325443270435,-0.0123859916115772,0.0125609000558948
0.108,0.112298131098623,-0.123840958013582,0.00119996866349437,-0.00410767838546948,-0.000732500085895093,1,-0.308786464512521,0.304402723569389,-0.34246095464041,0.243841198346046,-0.316735734092034,0.434981869723641,-0.012995969401303,0.00908137035573407,-0.0115647251981363,0.0119909524187879
0.109,0.0644039358506961,-0.106734749384564,-0.061967330859107,0.00281835852739013,0.00266448481054966,0,-0.323363498494852,0.227440414264768,-0.34968188532182,0.212655951378621,-0.286132679217681,0.461218649077223,-0.0117603475882911,0.0113197375017726,-0.00969614817156007,0.0132417002146248
0.11,0.0875252309617077,-0.0416519057759378,-0.102387291265543,7.81420039669944e-06,0.000998810713234805,1,-0.26508202491551,0.24290484018458,-0.281991111554054,0.258964110567588,-0.245135607337173,0.442583060396552,-0.0117377354194536,0.00906284111134283,-0.0116704149284008,0.0120749566193489
0.111,0.0805998684901005,0.0150984623987588,-0.109381052241732,0.00384864574927417,-0.0024191211086532,1,-0.319024757344727,0.19474160212982,-0.350301094617952,0.222438285294819,-0.283181425574864,0.314276078108377,-0.00878961136103812,0.0111744721067187,-0.0152315018777254,0.00813684342947606
0.112,0.108944969216292,0.0383685171623879,-0.094652905097443,-0.000410557387458208,0.00247728257871241,0,-0.310854870384461,0.207293780146574,-0.333801169170914,0.170038090463392,-0.335250161239257,0.2896936658528,-0.00688718079488232,0.0123573644980777,-0.0116093716920678,0.00786234564445456
0.113,0.0918369435446372,0.0889811695475219,-0.0596977169605947,-0.00264087634984539,0.00540703771544147,0,-0.221870642785519,0.197788396989522,-0.297054165238299,0.152773165189368,-0.303996238740671,0.232353986922269,-0.00818575018400401,0.0140333287977801,-0.0109545348389989,0.0147195660754631
0.114,0.0551689708274516,0.138200463451606,0.00258653766664446,-0.00497052562204016,0.000978551879374921,1,-0.178720825123218,0.221282683585379,-0.193689672031143,0.16031328944968,-0.298821463946037,0.230260263037021,-0.0104640001445672,0.0140333287977801,-0.0115406857031242,0.0102638052561971
0.115,0.00314810219674936,0.119432897507276,0.0731734571418098,-0.00311793218359512,-0.00194904506490959,1,-0.192429157499369,0.287655072074189,-0.21918469117065,0.221872036303754,-0.308547504719761,0.208996583358422,-0.0115206718287226,0.011073644310484,-0.0115660299364826,0.00700464127849987
0.116,-0.0242268870470528,0.0545298597292404,0.120788280552727,-0.00437170581719113,0.000515803011197489,0,-0.299199901092617,0.321525570730056,-0.177800703981445,0.191019051409426,-0.283548094854651,0.198921237015919,-0.00958842833298503,0.00784663742104035,-0.0116177784738889,0.00654824895868474
0.117,-0.0618411350622916,0.00287273430667706,0.136399606555518,0.0012627434539051,-0.000151499271317176,0,-0.219803728928556,0.269047636394459,-0.166301424980783,0.24391671011666,-0.233305187541358,0.182335998072991,-0.00914987795676175,0.00865999784754086,-0.0107106905050792,0.00844009782951339
0.118,-0.0442103709265485,-0.0503118439686295,0.123099776456018,0.00719721008106652,0.00168852616118015,1,-0.216405338923391,0.242890068892279,-0.155736248461272,0.220647678801235,-0.212602146427779,0.176978979157588,-0.00709762542111092,0.0112723232863662,-0.0120201186692148,0.00654731136323503
0.119,0.0269944171193928,-0.0754392909632248,0.0883997624782381,0.000723110701931989,0.00723177807893097,1,-0.23610857261133,0.231207252756902,-0.206792175214284,0.192823916217424,-0.226141934767008,0.214290629010645,-0.00874255789826134,0.0103096408739333,-0.0130622223636398,0.00704284179888392
0.12,0.0299596617708751,-0.0405165593760574,0.0566474559376882,-0.00298238137250003,0.00704788028920638,1,-0.183144263607651,0.208643345920743,-0.18878196439951,0.164374828490822,-0.221913728318213,0.257190349571252,-0.00887271529439471,0.00663225464675651,-0.0114437350841545,0.00528765651875588
0.121,-0.00195271501921223,-0.00110628524353979,0.0453927977618847,-0.000669031013128598,0.0074439360762632,0,-0.175271163129661,0.171802223679306,-0.194968343431117,0.159195466998529,-0.245458510486186,0.213999727132634,-0.00604510838746132,0.00689868950386662,-0.00961779227418809,0.00528765651875588
0.122,-0.00835352240500629,0.0386155552177683,0.0559278059300635,0.000247540222518667,0.00258045881851235,0,-0.172313513313615,0.15797245873317,-0.171238876221321,0.195230254975323,-0.310402066843829,0.195037368739762,-0.00600808627183537,0.00480399052688944,-0.00874186483211504,0.00598638134827428
0.123,-0.00534469469447682,0.0296306614119069,0.0747172500848755,-0.000619122992709849,0.00188700552878285,0,-0.192543142674878,0.116830527792863,-0.160577779555797,0.174941509873776,-0.258973564878199,0.184004566307702,-0.00666250131479655,0.00439517946884252,-0.00979933889869994,0.00514950500461039
0.124,-0.0109722183150289,0.00975002006101027,0.085499450479656,0.000154298369784691,0.00416797702458966,1,-0.188381490945856,0.121969186446715,-0.165409618875064,0.18294631856722,-0.234794091281939,0.179093751700843,-0.00839841837144072,0.00639281187173837,-0.00894943768074919,0.00740828621662566
0.125,-0.00861069649559436,0.00693888629553608,0.0900930465113407,-0.00137536053996979,0.00294290761022293,0,-0.21069632459242,0.119849626394315,-0.166271724073961,0.187562264798252,-0.252919346036304,0.170035002979491,-0.00510204516311381,0.00505082773249595,-0.00883336989727362,0.0071042081558205
0.126,-0.020849180121542,-0.00652983846515231,0.0901511340518412,-0.000950651481938468,0.00190324279254133,1,-0.176168246998317,0.101825453866258,-0.154460416266732,0.202438675364831,-0.22831242438616,0.158861761039686,-0.00654182993168431,0.0045063152377954,-0.00878496356690808,0.00572872697426083
0.127,-0.0278885911542431,-0.0254919735626954,0.0812572497381299,0.00191206538709345,-0.000413555268219362,1,-0.203754179612144,0.109829848709506,-0.152141607445541,0.155331295338173,-0.210758800368414,0.18540357960657,-0.00603678369676334,0.00906863825011775,-0.00835464918257281,0.00572872697426083
0.128,-0.0071366134669388,-0.055360070912043,0.0588931975668323,0.00245418017151624,-0.00160312909630383,1,-0.15343653990419,0.114730943081072,-0.180040708417226,0.160962620824183,-0.191919987103433,0.219716716607139,-0.00483105336491474,0.0106116235086494,-0.00747944740754766,0.00717850507394837
0.129,0.0167211528247312,-0.0802547871915533,0.0214833369936751,0.00121396242635157,0.00281839939248496,0,-0.15785767336026,0.138394418781434,-0.190138599750076,0.135436389871381,-0.226035794923698,0.176717210352478,-0.0059582914483171,0.00832776806060764,-0.00629548758390482,0.00983812001911449
0.13,0.0265105193827824,-0.0520817127289583,-0.014816471411354,0.00167251288229484,0.00204231450119946,1,-0.109414635280528,0.145765453271872,-0.129914306225706,0.171870251639482,-0.231402576796777,0.14610005640401,-0.0060313289412499,0.00563104996991438,-0.0049939101694834,0.00857584703098381
0.131,0.0397624802526916,-0.0210870155477869,-0.0348180875973538,-0.000278163181824122,0.00243992556039711,1,-0.117612806645883,0.157767813148688,-0.0983153729559339,0.137516231315704,-0.198626515746423,0.164126109173445,-0.00673213876700786,0.00454506533615496,-0.00473994807506432,0.0091209921414799
0.132,0.0332793626801163,0.0149900952087602,-0.0363421864635834,-0.000731470007507949,0.0033890526684539,1,-0.119521648114886,0.112347282408155,-0.0956096894950614,0.167946875880529,-0.149028959691645,0.181349566569164,-0.00612059369245023,0.00446133175149314,-0.00513408437708817,0.00968409583202622
0.133,0.0231831700085563,0.052346797712514,-0.0176640832784415,0.000253604886577725,0.000570998733618878,0,-0.125600158205526,0.129103244163986,-0.0919432102855233,0.203680027012772,-0.121809347649639,0.192177506773906,-0.00601818296642073,0.00445950824200517,-0.00639046257529339,0.00792494561065704
0.134,0.0233873776007149,0.0539536659640147,0.0115805788784878,-0.00137937482126498,0.000361064984330658,0,-0.153301299874742,0.107213714529083,-0.0924007343354699,0.184889366554098,-0.0977848771718139,0.238646470305848,-0.00614291054398749,0.0047835883673692,-0.00716123519659873,0.00699529239341021
0.135,0.00798927372342915,0.04236642805951,0.0380247184845751,-0.00117514512571376,0.00109778966047966,1,-0.16113199663881,0.126590934652599,-0.121625198664041,0.156061619172016,-0.112263162402816,0.240099498359391,-0.00668737753444776,0.00611907216060793,-0.00521591162408735,0.00762221589170111
0.136,-0.00398591149166379,0.0283724895145358,0.05742750488743,0.000742879548645646,0.00155116079326919,1,-0.159169669700858,0.102860368705554,-0.142005566353577,0.0893312041339138,-0.0856798715181494,0.203417992817675,-0.00626865598970974,0.00428802930096865,-0.00455898686143524,0.00880008310613023
0.137,0.00346490445598443,0.0129532298752036,0.0687443081394213,-0.00333970509005847,0.00243963287251556,0,-0.192801585616144,0.122455225153804,-0.144649387375931,0.149836965263821,-0.0917282840404594,0.278166188131854,-0.00612261714134419,0.00460395361923546,-0.00577668475967673,0.00709211670070202
0.138,-0.0285728963736925,0.00291594898019651,0.0731001113116556,-0.00486412081198674,0.00237851410788392,1,-0.208937200871511,0.082689056803466,-0.169963496924303,0.106028166319946,-0.0992354089366481,0.279988627581896,-0.00495450770044073,0.00520790061513689,-0.00597596274238157,0.00447109037969162
0.139,-0.0719674964068565,-0.00717280876849272,0.0719373078881947,0.00318192123967437,-0.00155529457592292,0,-0.155635107023355,0.106675523373181,-0.158602390681194,0.0697515196741784,-0.127731489557324,0.237009048737839,-0.00345541663432018,0.0059465609559563,-0.00578113794147758,0.00500472292584164
0.14,-0.0347624386112708,-0.0451110866729391,0.0574177391153541,0.00470948258795048,-0.0026926950160392,1,-0.124662087649527,0.117714057216487,-0.169039301016843,0.0778028407120255,-0.158968989036338,0.171316848716021,-0.00453579502716372,0.00705176608825268,-0.00531370954291809,0.00618548776707854
0.141,0.0132102997846267,-0.079341239577398,0.0229975916509999,0.00283983101530173,-0.000370753320434412,1,-0.126568545046703,0.119278364233035,-0.135433299914336,0.0945629386809231,-0.14363282473867,0.10984966072925,-0.00462234594268737,0.00475159343348745,-0.00514908081015983,0.00550995154809755
0.142,0.0388568822476482,-0.0762816797475398,-0.0198759600412153,0.0031417361897779,0.00208230860781994,0,-0.0957993371990892,0.12258553456202,-0.130432402102758,0.0892515319563786,-0.1311616185269,0.101041925094021,-0.00366981431756411,0.0047010385642889,-0.00449302596450471,0.00584376702786187
0.143,0.0651676261618747,-0.0385043210842724,-0.0513582190934773,0.00132247446800119,0.00271405565640819,0,-0.0761549421326949,0.143599787017326,-0.106193742768603,0.102446537223093,-0.149705862522344,0.121169209508549,-0.00357576777705913,0.00365522046465064,-0.00459810435274822,0.00535299603816522
0.144,0.0717242517683779,0.00928170116732334,-0.0592280653486237,-0.00268135217001323,0.00318892537385926,1,-0.0647656670482694,0.140010644379461,-0.0608707001758548,0.136279038189415,-0.155854887704199,0.112927050526162,-0.00384721461880768,0.00365522046465064,-0.0042255751099925,0.00528115697606266
0.145,0.0393633363593123,0.0548433448833011,-0.0414062882815917,-0.00521084024295684,0.00163948536368215,0,-0.0717000441785495,0.134442738113296,-0.0449339967607634,0.136853303742782,-0.141106721671873,0.132466932921221,-0.0049828580966477,0.00240886489536731,-0.00395958934286237,0.00523484506843382
0.146,-0.0141841656029712,0.0730612546213471,-0.00611088904863973,-0.00441662177224618,0.00109109434868988,0,-0.0893117785125158,0.129294378076844,-0.0618705637577919,0.119390547575669,-0.122310012060096,0.164029491734303,-0.00409327798497083,0.00387706805217594,-0.00392730374088681,0.0038670307110065
0.147,-0.0550849444733421,0.0701194771452293,0.0333616741457969,0.000710425234345297,-0.00232967281463194,1,-0.0880670395637387,0.132836309303138,-0.0591862705389463,0.1362526141025,-0.105984120753923,0.180013234069345,-0.00484230903200002,0.0025328185726811,-0.00494064828026269,0.00353266315178891
0.148,-0.0431397079874489,0.0263634095735786,0.0598122051679544,0.00149048531074938,-0.00164242883610918,0,-0.106112797450269,0.112893793424334,-0.0676839696635499,0.116070237943901,-0.0755590859985329,0.190550546395966,-0.00514077601422351,0.00486598557080052,-0.004804418914379,0.00377738245151598
0.149,-0.0248452543731532,-0.0141413343237732,0.0630317774295466,0.00150564179876389,-0.00126474224591595,0,-0.0900817536040768,0.0921371129023344,-0.109808888761057,0.0883427716192223,-0.0610119774697211,0.150379413557272,-0.00525463405817136,0.00294156154686951,-0.00319494673890578,0.00411256791965604
0.15,-0.00816968601569996,-0.0455330437564604,0.0464854684665548,-0.000919379339092558,0.000695505627826934,1,-0.0960050526443835,0.0946866117889243,-0.132699769960889,0.0685705102727015,-0.0730721766272015,0.172734717006763,-0.0040680191758457,0.00434989714943586,-0.00446969035811803,0.00428233182859462
0.151,-0.0161263084162574,-0.0496864335792201,0.020260891066443,-0.0014637669750499,0.00102139980931019,0,-0.0919850118762343,0.0852670877971352,-0.138462217542117,0.0423089689314476,-0.0779931817153049,0.119193765465604,-0.00385025768419562,0.00354146062423287,-0.0033993988159393,0.00460606691945733
0.152,-0.0284766478251611,-0.0404895347019494,-0.00452964236944198,-0.0014087855393757,0.00111609261381722,0,-0.0932545949530114,0.0939984220262633,-0.131124594365135,0.0429568789690986,-0.0978880086975913,0.103847929429133,-0.00318715894700774,0.00277367949452945,-0.00292861679040121,0.00395992005234335
0.153,-0.0391522705018772,-0.0227554808402251,-0.0218750209350242,0.000183775852982815,-0.000296670401735105,1,-0.0781113538833411,0.0821173341806301,-0.10553705936021,0.0448837863390328,-0.10080012827291,0.0761955658833756,-0.00355410872684653,0.00260447615012709,-0.00316091431905667,0.00269822863343289
0.154,-0.0336812752193358,-0.0125083265242733,-0.0315470941547929,-0.000847488736635932,-0.000224008073577429,1,-0.088410474936075,0.0743031995927162,-0.124354859858373,0.0559043137096163,-0.131671408829311,0.0736514821392864,-0.00334670105052115,0.0024924287855172,-0.00204723986757242,0.00338753170487704
0.155,-0.038541213607431,0.000141849251548287,-0.034904467614489,-0.000417035976071488,-0.00173247954970366,0,-0.101856783428238,0.0549529780614281,-0.101182988007061,0.0692843972392558,-0.133954583991295,0.0710539733471557,-0.00376806753623988,0.00321075775519262,-0.0035628247302366,0.00180820965444455
0.156,-0.0388405295888539,0.000153545704352237,-0.0348213603021021,-0.000422854690974354,-0.000839444230845219,1,-0.0996586003786341,0.051443822781217,-0.0633451554446984,0.0739471844940387,-0.118425844009773,0.0659634185995618,-0.00299529341269082,0.00348161392204156,-0.00460919083453537,0.00192080676200253
0.157,-0.0391669929212707,0.00703182132041042,-0.032813622824176,-0.000133736426245725,0.000138035563249674,0,-0.10694497125134,0.0484482402747373,-0.0503398131898941,0.0997182209469026,-0.138373348986124,0.0535704813412667,-0.00357166430281018,0.00304907241413026,-0.00373607071733793,0.00183771399345146
0.158,-0.0367388157113495,0.0194194724906582,-0.0254842520951249,0.000488345712294706,0.00109689221152447,0,-0.0945088597317235,0.0464771041071611,-0.0582216699092975,0.0952860712748924,-0.129101595145864,0.0626922924478432,-0.00314150377459995,0.00355376739266522,-0.00306158347747419,0.00287976848180056
0.159,-0.0286536268184727,0.0340982307282459,-0.0107024623193855,-8.45858900369708e-05,0.00129884587295473,1,-0.0722061985745888,0.0499064801887838,-0.0480338015625181,0.0790545671097289,-0.0967474659288772,0.0634056378431333,-0.00229792895609867,0.00340486854946107,-0.0034723353828436,0.00400894180808911
0.16,-0.0267638096200504,0.0419282095527512,0.0102433143247866,0.000159556666258364,-0.000125767877053622,0,-0.0608626061831153,0.0668994645265066,-0.0537667146951148,0.0994782884208933,-0.0865840827744337,0.0885399464883443,-0.00175949414596717,0.00364620746357614,-0.00312806265573875,0.0027315592338163
0.161,-0.0226480836070691,0.0292754920483017,0.0297869530597666,-1.36247593270475e-05,0.00110795327870308,0,-0.0689197354289828,0.0732410222338166,-0.0569263765170623,0.0853044025972457,-0.0931133352121861,0.0826118694662863,-0.00229792895609867,0.00298494880204414,-0.00235048586592726,0.00350795338992918
0.162,-0.0205148910974546,0.0209432048583711,0.04357672298724,0.000784907273426016,-0.000720774031681515,1,-0.0679177382982143,0.0620237616851835,-0.0497316116087172,0.0571641557998475,-0.0776107170250823,0.111661275058496,-0.0018497886987053,0.00322278218158822,-0.00241832397203039,0.00406484071475464
0.163,-0.0110245460473233,-0.00523014504922774,0.0478005602985777,0.000560927354014748,-0.000995233127313613,0,-0.0608651431923644,0.0502033196808995,-0.0505549938853707,0.0700412666788674,-0.0511665512395948,0.116825653430048,-0.00174238144833652,0.00261063495889562,-0.00245635562841597,0.00346883775484534
0.164,-0.00468254290592661,-0.0303191982587126,0.0379162217242507,0.00121446978765629,0.00135774803000741,1,-0.0542571584270538,0.0523298633341239,-0.045903162513388,0.0765741509659457,-0.0526388503031261,0.120387647517556,-0.00189114980199047,0.00254567027944021,-0.00253591990714458,0.00311423369641379
0.165,0.00727303060615466,-0.028882816362451,0.0216265377641886,0.000216739793322838,0.000545047786996273,1,-0.0545643212276874,0.0959917770410854,-0.0523960700360086,0.060317331669157,-0.0538793228307964,0.096534011257015,-0.00279246639276478,0.00219092910832554,-0.00326373617286889,0.00287526719933241
0.166,0.00861792887213085,-0.027708426905394,0.00605926171091748,0.000250125282079752,0.000710627944766393,0,-0.0396355874337298,0.0864553818441889,-0.0593344839878624,0.0423824721219255,-0.0690902225113079,0.0908936507873356,-0.00231213294160391,0.00219112654562293,-0.00268775302318197,0.00317201663924721
0.167,0.0101607259773771,-0.0194742621462175,-0.00688778768295112,5.48993040846131e-05,0.000811476247392904,0,-0.0509371210894124,0.0689910806648603,-0.0479709694669102,0.0436017561444259,-0.0758797687341583,0.0922853711588391,-0.00198249452052183,0.00225385674204715,-0.00278190048526762,0.00268127496763779
0.168,0.00969665567978167,-0.00698552252681666,-0.0141127120445754,0.000741135897127712,0.000336910786830238,1,-0.0527995104549489,0.0544983151754287,-0.0618862959877303,0.058325683304989,-0.0615833283285209,0.0841348341770927,-0.00170990491747106,0.00217337734171757,-0.00288467132351218,0.00266986020776165
0.169,0.0157956590111554,0.00234804746915501,-0.0153484551139839,0.000343681631665472,0.000279943644089233,0,-0.0493241785323338,0.0398788144390346,-0.0644224842910744,0.056953640591707,-0.066847948198649,0.0840942238108875,-0.00157940131240911,0.00210121729730402,-0.00275970771529413,0.00185139681196405
0.17,0.017527634818591,0.0100031219520214,-0.0119215379425868,0.00058127635842274,2.18103523556694e-05,1,-0.0479767094367043,0.0526769329834965,-0.0616640242543169,0.0401355132915213,-0.0626668641685087,0.0709578431485626,-0.00122709661530497,0.00244110989445448,-0.00293927416448292,0.00173433764046597
0.171,0.0213699557006206,0.0129284826508312,-0.00560575429886794,0.000690384668152054,0.000202698694773783,0,-0.0364020402776381,0.0556058835276123,-0.0485395996149789,0.0324688879934482,-0.0668616216978782,0.0670753874499729,-0.0013256339771794,0.00292987429773936,-0.00254445992403122,0.00194133875822596
0.172,0.0259268267891304,0.0142624540648014,0.00187376895543981,-0.000382023902655767,-0.000859952182759832,1,-0.043044183264652,0.0622921980873748,-0.0437125556299743,0.0391789623026984,-0.0672588802901479,0.0520361801139215,-0.00238519679985099,0.00223979741797026,-0.00337314978852298,0.00198837958099176
0.173,0.0198879558179574,0.00428666884666956,0.00693411879483883,-0.000156615151632909,-0.000729093663465454,0,-0.0416638628976325,0.0586650623567246,-0.0476893578144035,0.0535597843483846,-0.0696556766069782,0.0522837358895084,-0.00193463063423013,0.00185055384317135,-0.00362503570798007,0.00306442004983485
0.174,0.0165689672591328,-0.004773133797166,0.0067640964690256,-0.000813744122851028,3.8223242901804e-05,1,-0.0376811011643682,0.0575537253871151,-0.0584537318431678,0.0530351895243779,-0.0524603284672847,0.0383903454086445,-0.0022349688594403,0.002100440949794,-0.00283507250596715,0.00157189745222613
0.175,0.00726636729580841,-0.00617243842375521,0.00374348205314962,-0.000499777954128767,0.000477022627173667,0,-0.027950985909001,0.0500068087676319,-0.0394738504174865,0.0486613854141683,-0.0572974467351266,0.0419798231514318,-0.00266536469477763,0.00180968674207909,-0.0023097645063999,0.00167836801020947
0.176,0.00178229489473292,-0.00277727678577898,0.00128633928076649,-0.000508532841181574,0.000518448621138779,1,-0.0259280533086689,0.0474583972738179,-0.030851044901209,0.0407204682335371,-0.0481723736003676,0.0558765793840858,-0.00158217827334522,0.00166918647555457,-0.00186699516704985,0.00145350248329677
0.177,-0.00327980416659753,0.00124447228503057,0.000871095700085748,-0.000226324567682813,-0.000281010035166485,1,-0.033107541012169,0.0426287121683895,-0.0342788873148072,0.0389120920533426,-0.0652117516825387,0.0601064601784315,-0.00207982974897594,0.00180332338769778,-0.00218797750662217,0.00152657402495018
0.178,-0.00515264843164054,-0.00148787941302338,0.000788252713765377,-0.000440733132693576,-0.000170285046573722,0,-0.0341336764645275,0.0500813589438516,-0.0286187187236079,0.033859221641092,-0.0662478853771684,0.0542487295196836,-0.00239506592272078,0.000918558597159772,-0.00185887802045228,0.00137155954545879
0.179,-0.00886355586122372,-0.00284181072319663,-0.000408467155713354,0.000469462284094966,0.000393420278031702,1,-0.0288714615320209,0.0339086429971616,-0.0477929244149724,0.0391043844868666,-0.0609689110350325,0.0468579872455499,-0.00160343228690461,0.00203348644249133,-0.00185765252356482,0.00120759128153029
0.18,-0.00355141739679559,0.000861239492329237,-0.000935578878672589,0.000319526231617777,0.00051003897888501,0,-0.0339614016708348,0.038691275001262,-0.036106179112232,0.040956636207076,-0.0614116785124375,0.0444413075300827,-0.00146297264282801,0.00159752641479008,-0.00154229246603127,0.00123840308423871
0.181,-0.000178637305001684,0.00499651660374016,0.000696060386639103,0.000511050896613744,7.66276234516818e-05,0,-0.0344933574213013,0.0396671348429877,-0.0293863159201321,0.0567660654117525,-0.0448415309071315,0.0395527687068871,-0.0012415339463542,0.00154047516379903,-0.00160386844710614,0.00137309715822171
0.182,0.00468307071619659,0.00441260699224648,0.0032835626440445,-0.00014326257186582,0.000456579542543155,1,-0.0649516455640128,0.0384833702613089,-0.0329625686304451,0.0579823055535569,-0.0327005015900217,0.0337340459864812,-0.00117791689391706,0.00147612185562513,-0.00170589520054024,0.00164022828191277
0.183,0.00285336669820779,0.0058599001160413,0.00611172562503032,4.96816617912073e-05,-0.000103113400090664,0,-0.0353231274814644,0.0353099564503675,-0.0344861331847055,0.043054470044877,-0.0363199969294285,0.0515684462587925,-0.0010790596137409,0.00144893601548182,-0.00179308547070346,0.00145337497455008
0.184,0.00304853720734673,0.00163054163319167,0.00815167734112172,-0.000456706616802121,-0.000124902830363419,0,-0.0347665902664248,0.0281400946726757,-0.034354281162769,0.0398095184855972,-0.0326428027319383,0.0534475216782296,-0.00129286524943527,0.00100833402634962,-0.00127221536147331,0.00171186424767428
0.185,-0.00157660933605932,-0.00277809345208994,0.00781656831471201,-0.000738227904989525,-0.000400127060470405,1,-0.0325084867878514,0.0288079695438636,-0.0229237610303353,0.0271006825085115,-0.0344090789516754,0.0578645143943941,-0.00141457678890012,0.00088447452219529,-0.00124741869733191,0.00144363368239261
0.186,-0.00843617738263551,-0.00836092644679241,0.00472934846324483,-0.000109393064851652,-5.58189539612015e-05,0,-0.0367022510588684,0.0256297888057212,-0.0425406919498868,0.0263704536133432,-0.0390221041192957,0.0699168137751313,-0.0015103827371367,0.00108203551732981,-0.00109076068987777,0.00142926562288285
0.187,-0.00867091564641603,-0.00906683420223701,-6.9863460613181e-05,-0.000526798427226983,0.00022525416837751,1,-0.0420666568360507,0.0206223551412211,-0.0343422056098395,0.0303369649876525,-0.0384133022258073,0.0745781190091661,-0.00143134283471063,0.00141548573269226,-0.000987147241976785,0.00161237707170287
0.188,-0.0128684286537707,-0.00562887153405723,-0.00410227721184263,-0.000620193881799278,-0.000124975200466613,0,-0.0385717838978511,0.0194804016055503,-0.0324233038709184,0.0296634529380618,-0.0277099580743331,0.0426874667124058,-0.00101449359707506,0.000986129047476405,-0.00186325233717725,0.00113506805677082
0.189,-0.0175541862133513,-0.00397672587150968,-0.00673937607993336,-0.000825296053899963,-0.000168249023495547,0,-0.0437105310127727,0.020539502984306,-0.0575102792813616,0.0288471370799879,-0.0261060094000346,0.0528641273002564,-0.00102757312285994,0.0014040416138413,-0.00170906368815127,0.00108782849409293
0.19,-0.023738289745546,-0.00194695218656522,-0.00835818399072205,-0.00080551079207076,1.49588732738399e-05,1,-0.0388593737445699,0.0316830433755728,-0.0558688371214717,0.0288050925150665,-0.0322929140984091,0.0349292064217533,-0.000674766991422114,0.00124048991279157,-0.00133918088314587,0.00126078217910706
0.191,-0.0291392709842904,0.00175518280429787,-0.00839088909707938,0.000718195018158604,-0.000643544830049526,0,-0.0251132156024949,0.0310515472159501,-0.045144149640264,0.0226721618458385,-0.0468052053477828,0.0420279041707089,-0.000706575193742623,0.00106616240545725,-0.00120159335255097,0.000896084803962103
0.192,-0.0195291069663339,-0.000270221784528803,-0.00798766039494765,-0.000323914526066331,-0.000237862678155539,1,-0.0319610072247222,0.0310361129693504,-0.0337897624045175,0.0180298768187761,-0.0577636501075597,0.0380178155379434,-0.00105456890256449,0.000682868456201262,-0.00174102092742974,0.000931265710664102
0.193,-0.020756694119769,0.00104617626165103,-0.00777092074699289,0.00111319339905096,-0.000150007900113837,1,-0.0258324352316386,0.0300573116735875,-0.0318751621990157,0.0207749552507575,-0.0558684190834443,0.038294246178007,-0.00076013750858203,0.00105418813611452,-0.00152970592022706,0.0011659875794818
0.194,-0.00819246087163392,0.00270882164504528,-0.0067328927065986,0.00051601969165885,0.000312736913750303,0,-0.0352129672590625,0.026718752996917,-0.0274609817572309,0.0270266751626251,-0.0438151828383058,0.031547293570455,-0.00133530772529702,0.00106848841908432,-0.00094523539026413,0.00123114021260724
0.195,-0.00250642786312071,0.00722288716276702,-0.00398396567994335,0.000225927157243283,-0.000116814630737606,0,-0.0485560513632977,0.0250997572171813,-0.0216604200712668,0.0298763477615177,-0.0419833143107644,0.0233114173725881,-0.00115173418304957,0.00109646307088694,-0.00118332622399373,0.00112987706951633
0.196,-0.000121395650442436,0.0065318080685474,-0.000203662400220182,0.000269268648466566,-0.0012517868934647,1,-0.0333525338542416,0.0307887544241131,-0.0157961180894641,0.0362111026854727,-0.0324610361009868,0.0254279597902502,-0.000938349255493099,0.00076751647859013,-0.00134744739064795,0.000903550602105212
0.197,0.00244819048499584,-0.00423678934037019,0.000385165451771786,-0.000411464468726826,-0.000112068408435923,0,-0.0287669932943207,0.0212286374372553,-0.0147695265873175,0.024628270940519,-0.0378132791460017,0.0281244249035254,-0.000981046604713094,0.000595795080849447,-0.00175843858855787,0.00117894904783273
0.198,-0.00170110105886263,-0.0044752014386362,-0.00201275900119702,-3.31337961650279e-05,-9.4707207364849e-05,0,-0.0335232783120707,0.015802366300135,-0.0137795384543626,0.016932025481057,-0.0423586740443786,0.0284416749290611,-0.000795695839202748,0.0010823977227985,-0.00182423064013508,0.000952550038648337
0.199,-0.00184819235378271,-0.00360984050574206,-0.00423423178874242,-1.36117209248485e-05,2.47993288267452e-05,1,-0.037124288943829,0.0152932792929188,-0.0149956630635296,0.0212319018177062,-0.0256385392121577,0.0296713247854059,-0.0007265903636037,0.000826247573136889,-0.00107483850242042,0.000860155947747646
0.2,-0.00179343407293538,-0.00112672688599528,-0.00552862244027743,-0.000827264871414741,0.0018622257583038,0,-0.0346401983470841,0.0184687971785886,-0.0188931331453523,0.0195230900933755,-0.0209670536736687,0.0290839490264014,-0.0007184569763972,0.00054718953617678,-0.000970837142419701,0.000777054183301566
0.201,-0.00948080333703468,0.0155466703172202,-0.00149725550980232,-0.000919721014959107,0.00209204002152303,1,-0.0523497577742295,0.0192026795945831,-0.0163594846912151,0.0245080394059829,-0.0153891408886888,0.0328799079833184,-0.000613289145856446,0.000803810004306569,-0.000786873309790315,0.00075667736679924
0.202,-0.0172713010125882,0.0293745714101384,0.0109214303497623,-0.000709176087356793,-0.000231317665494487,1,-0.0390304839356438,0.0135922140175184,-0.0174209838635155,0.0215398936293679,-0.0191324713123203,0.0237653679527708,-0.000493800323439594,0.000837141802948367,-0.00108090353151132,0.000683457612003803
0.203,-0.0222836390758369,0.0180035017069472,0.0239227620803763,-0.000511644518096313,-0.000141811597746342,0,-0.0314174180879805,0.0120823988673321,-0.0176902805020061,0.0168674682711328,-0.0174817515246779,0.0215002400040475,-0.000441963134153726,0.00102973681351128,-0.000932052830615929,0.000742792463367425
0.204,-0.0250130473223704,0.00442865940703633,0.0300468576245368,-0.000729579668139511,-0.000633650333215718,0,-0.0255412563103701,0.0142899934439971,-0.0165552481221653,0.0148889006452738,-0.0179236895952506,0.0185778326914211,-0.000509971920936937,0.000727609815443481,-0.000687431806223946,0.00117195970289299
0.205,-0.0296460867710623,-0.0127791495143858,0.0276799552595531,-0.00026680406883497,0.000522333091129229,1,-0.0267432979311151,0.0159534577247771,-0.0124531484123045,0.0162880548700886,-0.0158227228936738,0.019198754169492,-0.000557698444159472,0.000482287214529792,-0.000445358738092937,0.00117195970289299
0.206,-0.0294440617700993,-0.0170150440144819,0.0194602407397158,0.00037625217036538,0.000170096303404089,0,-0.0262698332798149,0.0144732670579933,-0.0153992532665298,0.0150742807319474,-0.0139448529812908,0.0218330751128036,-0.000557698444159472,0.000503816188319786,-0.000537455652685816,0.000884478841307937
0.207,-0.0231008377668333,-0.0200373638796956,0.00924783305218291,0.000274431645205077,0.000829035026374135,1,-0.0172662875808361,0.0120172299419632,-0.0142177229558319,0.0131375120760406,-0.0106893893663289,0.0228879099738059,-0.000575907302571824,0.00060062145495555,-0.000795165679469988,0.000628997005507598
0.208,-0.0182983767767063,-0.0135128584374312,3.62568395389206e-05,0.000384472956191391,0.000786556815071076,0,-0.0130080902354572,0.00785055141889638,-0.0163787386273212,0.0151663888323403,-0.0145252263745257,0.0220947415245219,-0.000577158819977532,0.000559190812405614,-0.000684573192371748,0.000661525324905865
0.209,-0.0128952906869839,-0.00498018019078278,-0.00502265405272502,-7.88379824170478e-05,0.000543410579254639,0,-0.0134674011929426,0.006997664947007,-0.0174318107308061,0.0142669421073742,-0.0167649663391084,0.0143768836103326,-0.000819812595660253,0.000411910002018962,-0.00036640981817245,0.000835259448065533
0.21,-0.0124166132732443,0.00204971422030535,-0.00580448537454091,-0.000350206045486028,0.000162044805813215,1,-0.0136631287410198,0.00522275385200006,-0.0140517711867347,0.00954130563982225,-0.0161006638864879,0.0193461000105844,-0.000639399106342863,0.000434336905555144,-0.000336164192291618,0.000750300537528196
0.211,-0.0145693185793457,0.00514838904664039,-0.00381255077788558,-0.00154365554383564,-1.04624999811652e-05,0,-0.019430944234918,0.00559360163912649,-0.0123950900619193,0.0146388420543169,-0.0178704888557215,0.0168519106817186,-0.0004493549269696,0.000455651191516236,-0.00047656306909915,0.000660320885450518
0.212,-0.0278788993196515,0.00558604625195017,-0.000856500708626861,0.000386479361896132,0.000117736939588047,1,-0.0183966972284052,0.00582033047172005,-0.0119834612226364,0.013013270254182,-0.0164298046834136,0.0188429979424247,-0.000438301091238803,0.00051904534589232,-0.000379955534164969,0.000682996328639931
0.213,-0.0215518068215672,0.00579190494090325,0.00227607496631642,0.00028144651013947,0.00014485620567715,0,-0.0162802281471825,0.00604217098464924,-0.0129463795276736,0.0116871992174523,-0.0161777843549826,0.0124228627947049,-0.000475734584558721,0.000351372272237565,-0.000405881654509244,0.000651211155688873
0.214,-0.016817657882755,0.00496537870146886,0.00523558829699998,-0.00144062779210345,0.000321144570555118,0,-0.0155865563885404,0.00739530461465463,-0.011659306088102,0.0100294381953903,-0.0174808885033221,0.0169639293767581,-0.000542603497721832,0.000451720325108886,-0.000478013085498952,0.000509348455735665
0.215,-0.0289159371960806,0.00451933918937499,0.00784742843803082,-0.00133259110587219,0.000253991568119036,0,-0.0132880727924603,0.0071936884216448,-0.0106592393376914,0.0111283094033672,-0.0129425223309522,0.016259544983368,-0.000536062951160037,0.00051807211098542,-0.000478013085498952,0.000542000523804558
0.216,-0.0388400866885559,0.00264699058961122,0.00981459837464586,-0.00126118253855584,5.20998253689353e-06,1,-0.0107677622402881,0.00725243428264177,-0.014809079645691,0.011792068072341,-0.0134832908151628,0.0126971601662027,-0.00042409759217511,0.000633905573714082,-0.000739174864365919,0.000585651934439011
0.217,-0.0471494371255489,-0.00154180105954094,0.0101016597094429,0.000928464112223441,-0.000605198427737132,0,-0.0115687218873987,0.0110655779019355,-0.0129246072622954,0.010106848788518,-0.0124448666831445,0.00892865230760415,-0.000224770949041825,0.000732946784196216,-0.000701557902035087,0.000455199486818004
0.218,-0.0338362008416497,-0.00977493196624817,0.00695042199800652,0.000507339512089856,0.000234851459404903,0,-0.0161870601152235,0.0104229222760913,-0.0122682983389833,0.00778969928005296,-0.0159079127857552,0.00988313602586426,-0.000419020631423796,0.000617869065274563,-0.000723925454549888,0.000665031015589794
0.219,-0.0257933874645458,-0.00882826770750704,0.00182911251361639,0.000645881743386721,0.000288938812090162,1,-0.0160165942870882,0.00795192078186926,-0.0111618948218261,0.00732448338509279,-0.0144664324786146,0.00698783195282492,-0.000376028630053321,0.000579736887273261,-0.000452247992269447,0.00064548507715588
0.22,-0.0171936707157003,-0.00567872691577117,-0.00215275623145177,0.000657346634551518,0.000802704693675812,0,-0.01249043043516,0.00752640409293704,-0.00798403533321019,0.00644952347395314,-0.0145473784702708,0.00764198519493735,-0.000371734160156218,0.000662059903608072,-0.00055138368076527,0.000434420757317152
0.221,-0.00930224282371792,0.00237650445028444,-0.0030297283459841,0.000882388969004963,0.000650385876267905,1,-0.00879214042556233,0.011573714874948,-0.00890752449397166,0.00630083780838607,-0.0151409327055981,0.0124574684996377,-0.000293704970023798,0.000788475066630494,-0.000534645639336516,0.000394156643013129
0.222,-1.89148910563853e-05,0.00811302204667248,-0.00011977736433209,0.000749946254379876,0.000519322752873114,0,-0.00899651349401897,0.0165586792556354,-0.00647130296014877,0.0097665758383071,-0.0146878828126583,0.0107598250592574,-0.00031833513794301,0.000349562224980552,-0.000312539370444348,0.000453954149751598
0.223,0.00712304804426147,0.010661880849192,0.00505687296662978,-0.000147188570689414,0.000249634980960609,0,-0.00929179872088738,0.0142058546175335,-0.00518662150995213,0.0115070888732469,-0.014199679465351,0.00983069145431882,-0.000580756395544118,0.000225979746399571,-0.000295394409319766,0.000400344873661835
0.224,0.00504933133299447,0.00866995375796355,0.0103684504544162,-0.000180061158298319,0.000418471537749208,1,-0.00824336917408742,0.00984131501927592,-0.00667218747589359,0.0127690665856952,-0.0106867956009791,0.00870594725949143,-0.000484025400541763,0.000237104837986097,-0.000318778537236101,0.000560670773174977
0.225,0.00285811997601004,0.00630108213101875,0.0144786672466481,-0.000146694722066118,0.0002691084379552,1,-0.00910977640224035,0.00868213794384612,-0.0066070608445385,0.0106848079838044,-0.00905257852140454,0.0118116732894698,-0.000308726188924458,0.000372267867365209,-0.000353535649012217,0.000380778159097487
0.226,0.00118931911385812,0.0016375522512721,0.0166448754711379,-0.000184444575947868,0.000208252320770242,0,-0.00870587763056259,0.00842279432633388,-0.00645365178802025,0.00956185613683161,-0.00776720799956911,0.0198279686074636,-0.000308726188924458,0.000247667395561687,-0.000271424451290219,0.000319039743600145
0.227,-0.000683016331866944,-0.00346782105589708,0.0161211146701199,-0.000280535037414098,0.000327871998968812,0,-0.00845623814275484,0.00586503856651018,-0.00581733524641919,0.00614239248365657,-0.00862398613461069,0.0225893189253215,-0.000419830671935881,0.000229435955315721,-0.000404710283896014,0.000288139686348054
0.228,-0.00329152363581695,-0.00650866112016264,0.0133635120793629,-0.000337427713063188,0.000359560552495962,1,-0.0108939930991982,0.00581692399785954,-0.00957420195582024,0.00616385654070282,-0.0104244278916906,0.0165806290173516,-0.000419830671935881,0.000149347190136862,-0.000249762647439099,0.000285637851824888
0.229,-0.00619157044122843,-0.00768305984092115,0.00945316235107271,-0.000206391887254114,0.000156079975713436,1,-0.0103503005052466,0.00564344040938204,-0.0164707381945991,0.00564602918350185,-0.00899761395551454,0.0136976503402197,-0.00019773094730024,0.000241496419616701,-0.000249079928452034,0.000323498282501296
0.23,-0.00756854572953799,-0.00870259230982351,0.00493985820617348,0.000171391184797403,0.000285819830941025,0,-0.0157426015085606,0.00628341457284237,-0.0122668776767426,0.00547092105397706,-0.00959867858453358,0.00965484648955639,-0.000163010746262183,0.000337039881163108,-0.000241182422386675,0.000486540870571986
0.231,-0.00521964395631153,-0.00679835864830558,0.000681505431306239,0.000224245927816343,0.000485452687377535,0,-0.010422894204918,0.00343082112863679,-0.0080917052255595,0.0045642047571234,-0.00952830315703148,0.00709992504254076,-0.000178989924428621,0.000289418865094518,-0.000109608889362296,0.000533188801462515
0.232,-0.00258997557646344,-0.00206923594058588,-0.00174041101343873,0.000179461353127343,0.00038462907684705,1,-0.0091879280222825,0.00358045148347397,-0.00588131407840873,0.00918669012384849,-0.0108328583120791,0.00806018613961778,-0.000131435056157608,0.000451641202261315,-0.000160203037429827,0.000513059922551792
0.233,-0.000635436421972323,0.00194410090422771,-0.00175926571857953,0.000145333194333583,0.000303965936248372,0,-0.00780543195076429,0.00444283774092485,-0.00332908620702918,0.00884456953826386,-0.00892002066785249,0.00696339046008527,-0.000189455134224159,0.000388788394836902,-0.000201118696855525,0.000430292858944793
0.234,0.000809212241551662,0.00460382261782337,5.29245929563139e-05,0.000207928876995206,0.000280014728291454,0,-0.00539188439083926,0.00511584518991631,-0.00446716190933744,0.0129667945872886,-0.00596699190986287,0.0075282185845839,-0.000242713538181692,0.000298768043007004,-0.00024254226061372,0.000347049920471233
0.235,0.00271258056496317,0.00589101475071663,0.0029458071389548,6.78340888811621e-05,0.000423419554662131,1,-0.00626702655128755,0.00671912899963001,-0.00286985776102227,0.00753943596243359,-0.00701012208138587,0.00838016192566226,-0.000238013694221519,0.000174259146141313,-0.000223439299162469,0.000347049920471233
0.236,0.00310203606284209,0.00693091141588568,0.00647796258128417,-0.000119858830424112,0.000463089252451414,0,-0.00518253317334325,0.00819615507430741,-0.00509277629447128,0.00582289842474644,-0.00609407983232408,0.0112783259912681,-0.000318859777338429,0.000141028266398016,-0.000208394055079747,0.000420893446082598
0.237,0.00166878335378778,0.00672439044898193,0.0102346115474561,-0.000106319424857982,0.000497843976441027,1,-0.00475058343979554,0.00562026702794989,-0.00456797239215114,0.00669801009052796,-0.00448168409240921,0.0112667112551911,-0.000276304822244116,0.000175148191638448,-0.000148945183307234,0.000556029266868822
0.238,0.000501165149096492,0.00537718892569036,0.0135593441918465,-0.000157064773436955,0.000213188345146858,0,-0.00385219429058721,0.00352356758543387,-0.00547860350751108,0.00718166880754785,-0.0040469763385876,0.0141755141710759,-0.000244334287690149,0.000209662786220334,-0.000165985570340714,0.000394348171832548
0.239,-0.00103927686120373,0.000807321335663233,0.0152434590829133,-0.000151712170741471,0.000239924553211132,0,-0.00281443959809751,0.00436166598752098,-0.00578838231644256,0.0066618933588414,-0.00390511968386174,0.0155870837691283,-0.000246799118726708,0.000221539924388776,-0.000234413668093996,0.0005297612292543
0.24,-0.00238463653911711,-0.00336143238777408,0.0145244610548233,0.000210154100363184,0.000222784443374023,1,-0.00551285902066951,0.00375104992441096,-0.00512307363011881,0.00403064898769289,-0.00469713041912067,0.013383679306253,-0.000179058192620246,0.000378313712219315,-0.000354630176154577,0.000471499639977639
0.241,-0.000160395627288889,-0.00661685320096268,0.011766049427907,0.000351372396508773,0.00029179578894049,1,-0.00791616573398364,0.00383606531962463,-0.00899060741183515,0.00396083326707847,-0.00345753831047823,0.0107118539832361,-0.000159644159301004,0.000459273410334846,-0.000205719927613245,0.000271566697331724
0.242,0.00319537712388367,-0.00767975479858208,0.0078278300848823,0.000380119601173507,0.000378623764268703,0,-0.0054778863565823,0.00576265455952187,-0.0111492131460558,0.00288408364002195,-0.00401186402025907,0.0062011663751343,-9.37536297496938e-05,0.000327205075067844,-0.000187204088018383,0.000339611427257248
0.243,0.00650578876618271,-0.00636261602942186,0.00396891646344805,0.000140924970054055,0.000311880375455156,0,-0.00374139457080951,0.00769400790091817,-0.00892839749684118,0.0029912166551557,-0.00428835327289545,0.00540149678905806,-0.000197963567870311,0.000252917227457751,-0.00014483411188378,0.00033763312399833
0.244,0.00722588093836075,-0.00431659136247909,0.00103842012770481,8.16162228616862e-05,0.000376915429846968,0,-0.00302083212751302,0.0085841705275416,-0.00822706364012086,0.00367986901935562,-0.00531067757876073,0.00403743522803544,-0.000154185920726438,0.0002797571444548,-0.000139083195680542,0.000415229188654934
0.245,0.00731401394548877,-0.00101854325073082,-0.000416710629175068,4.5262277220494e-05,0.00025448817226544,1,-0.00223069961774966,0.00765714145190459,-0.00548978299687863,0.00331368049078852,-0.00861413252876367,0.00379432661152691,-0.000150503670294927,0.000309868550954417,-0.000268494907827028,0.000215744214591473
0.246,0.00704819579981772,0.00128929007492898,-0.000333199313422214,-4.69660885006356e-05,5.92985978600216e-05,1,-0.00195806595207076,0.00636089393116647,-0.00300886876331315,0.00401156193692947,-0.00799781605947127,0.0036412643892311,-0.00025784979948465,0.000240196886521885,-0.000206730284210018,0.000146046387340049
0.247,0.00593020456708645,0.00163665486181467,0.000473297325516088,-6.3331881438833e-05,0.000109380945235032,1,-0.00154707942605978,0.00835542254299657,-0.00244990558093108,0.00354472297629261,-0.00735440439433681,0.00703341606727713,-0.000236386060759324,0.000102488166156253,-0.000182693875856405,0.000144218495114419
0.248,0.00476303456330302,0.00199496030785504,0.00147396322957002,-0.00011419671600178,2.68102066780384e-05,0,-0.00235752369391803,0.00619787714280638,-0.00251190135151714,0.00571683515604994,-0.00674568375102712,0.00419883759426756,-0.000222621630351548,6.55410258624252e-05,-0.000185792104518758,0.000157365740738819
0.249,0.00322296953658596,0.00126609469849649,0.00236844634739004,-9.1269922758107e-05,-3.40131829952413e-05,0,-0.00447780169489641,0.0051419532175893,-0.00323504409023154,0.00626253625296093,-0.00406634355260258,0.00549841303225683,-0.000267950422344529,7.94758292645597e-05,-0.00020014517405105,0.000128387847662099
0.25,0.00204766898331304,-0.000141140806904332,0.00267250209783331,-0.000100489112009871,-9.288940466308e-05,0,-0.00404795386279822,0.00491909206558689,-0.00372885315033003,0.00533682039747591,-0.00345673866075115,0.00567540041138361,-0.000249932590308206,0.000102918721254895,-0.000376079370322413,8.54188525219869e-05
0.251,0.000896568572152806,-0.00185930514884582,0.00211532691191844,-4.72599872506704e-05,-1.93549822454519e-05,1,-0.00535675516168347,0.00300197834448765,-0.00563532200027159,0.00462926594003521,-0.00244891788834254,0.00480200415448655,-0.000218334005476475,0.000112397695225618,-0.000237049454806786,0.00010040371837762
0.252,0.00036164031199623,-0.00247996088066815,0.00091882188111529,5.3066968255543e-06,0.000110882065731611,0,-0.00561308698838106,0.00241233307256117,-0.00605119458036527,0.00301561070594359,-0.0041985983351598,0.00498837515994386,-0.00015013710166277,0.000143249997466022,-0.000186938439190544,0.000222389383506483
0.253,0.000377967734388858,-0.0015227814222012,-0.000178997033048525,9.24602496452532e-07,-2.6798368488481e-05,0,-0.00502478002337507,0.002593403345746,-0.00487751569056985,0.00272036376091639,-0.00457157115950185,0.0049758759246508,-0.000138909798525492,0.000123591028989849,-0.000102997574707173,0.000179800613377892
0.254,0.000351070592096604,-0.00137949013979532,-0.000977134475061805,-3.37211584138481e-05,-1.21797603630964e-05,1,-0.00328233198447006,0.00260523011331996,-0.0034906838348548,0.00156133377186924,-0.00608952300989597,0.00572814062552222,-0.000155095028113267,0.000115038993982854,-0.000134752031846971,0.000197056363862055
0.255,-3.12496610465542e-06,-0.000842803784717014,-0.00158664504059406,9.69888769045134e-06,-1.81345289336253e-05,0,-0.00357780199464425,0.00234370892613541,-0.00337466321182174,0.00238358448774261,-0.00555789844730031,0.00446759944024671,-0.000112178126291722,0.000123928239305601,-8.81005360798358e-05,0.000268197028735421
0.256,8.94856449476874e-05,-0.000216273562432055,-0.00187572175237762,-6.10449323722586e-05,-3.61930741849454e-05,1,-0.00296494275434937,0.0020299485938428,-0.00378720957795582,0.00379169420873217,-0.00505268747338341,0.00334756187081804,-0.00012753816560776,0.000128560388869254,-0.000111995794705835,0.000191004868027556
0.257,-0.00049999502506808,0.000266958397398496,-0.00185995355986549,-0.000150507742724737,4.70784428515015e-05,0,-0.00357781992373966,0.00209228068110422,-0.00416021605638099,0.00503021450139958,-0.00391717458891032,0.00370102508606535,-0.000141275899868004,0.000137639184270805,-7.62264709591425e-05,0.000254583355089478
0.258,-0.00188484695653706,0.00129607744972926,-0.00142587548336503,-0.000135395144582839,3.43200755553164e-05,0,-0.00524245404960623,0.00325161278009748,-0.00241405695084907,0.00338021014783837,-0.00382156681399564,0.00261649489650099,-7.65373345050625e-05,0.000144345340852027,-8.02802166900116e-05,0.00015342740741163
0.259,-0.00299414222787769,0.00187018202390165,-0.000552319687358363,-4.99122677942178e-05,-3.63274996294455e-06,1,-0.00527380056371853,0.00396161773705084,-0.00171475553393941,0.00400976790672289,-0.00386157121030921,0.00343708559849913,-7.97657311736936e-05,0.000110064485152197,-0.000101162315844219,0.00015342740741163
0.26,-0.00318430407989356,0.00171022835871061,0.000432411865752461,-5.24588825646477e-05,2.08882898479169e-05,0,-0.00337600078265229,0.00376447184560904,-0.00238724545678236,0.00621591300562616,-0.00341018701863105,0.00465659418423366,-8.54968690828459e-05,0.00010321032387715,-7.42470123000444e-05,0.000176112723120166
0.261,-0.00338045867263874,0.00138989869392115,0.00128436141132202,7.95095602557187e-05,-0.000156552014960083,0,-0.00322418559813082,0.00299712599244886,-0.000816366592958016,0.00505782510317798,-0.00322274396589719,0.00410872393308444,-9.30372074136871e-05,9.32690204820703e-05,-0.00013887349548655,7.32377760671829e-05
0.262,-0.00230218392237496,-0.000565256494310145,0.0015037654269008,-3.53422336561212e-05,-1.27517768604725e-05,0,-0.00300280207215194,0.00257989301604846,-0.00112634668879002,0.00411254808557383,-0.00208148334711025,0.00464949411046842,-0.000111862426341185,6.51535125689253e-05,-0.00014850913655846,7.74242062762871e-05
0.263,-0.00241965247617983,-0.00113739670461042,0.00103291193831001,-1.63958908809278e-05,4.41404834890748e-05,1,-0.00294353808601381,0.00179371830241779,-0.00180749934583993,0.00335443620808032,-0.0022761299482622,0.00557161737407584,-0.000109288495631625,9.22953785471814e-05,-9.17713496307053e-05,8.85243936453787e-05
0.264,-0.00234554437986058,-0.000985122206988664,0.000449257454819476,3.22939155895835e-05,2.22337789518806e-05,0,-0.00246784703217479,0.00127458832160376,-0.00227129824394524,0.00223159842052785,-0.00184320504808463,0.00419250062459557,-8.94898505203172e-05,0.000115294992925162,-0.0001041676018206,7.67418883988365e-05
0.265,-0.00181482471665815,-0.000805300365796274,-4.28984353534431e-05,-8.27642481674565e-05,-8.00772072289887e-05,1,-0.00227127988759004,0.00154344408834729,-0.00244898324365374,0.00187175197075332,-0.00274133075590248,0.00378673393966909,-0.000128742507030572,7.28046032313866e-05,-0.000118083316261718,8.4278766346575e-05
0.266,-0.00242926360076615,-0.00125717955644315,-0.000612304284393192,0.000203115304512335,-2.47422968734243e-06,0,-0.002829723444676,0.00138242564299368,-0.00465162554763771,0.00145686670775788,-0.00232046393871697,0.00282147383020536,-0.000102878927413268,6.90141952864303e-05,-0.000223754521813065,9.0033919759916e-05
0.267,-0.000264973919864562,-0.000808880638584518,-0.00117917070211974,4.73805773086013e-06,5.85643791125076e-05,1,-0.00275757753217718,0.00118243001182452,-0.00361207766012384,0.00126073922527855,-0.00165885478894253,0.0028817707366984,-9.20990089340639e-05,0.000194128657129598,-0.000223056508383154,0.000124880022685567
0.268,-0.000195070146009254,0.000245103955550766,-0.00133023752526781,-0.000447855020888142,0.000334506999447664,0,-0.00327493248269901,0.0019183456642931,-0.00324997608631094,0.00143999386085716,-0.00209318986486893,0.00178109476326492,-9.20990089340639e-05,0.00020397896750256,-0.000111678151201992,0.00011759365993798
0.269,-0.00443903511310819,0.00328706492896005,-0.000346208832194749,-0.000441130751819967,0.000357354717683593,0,-0.0034135910532172,0.00282492704575236,-0.00390796653579913,0.00189848701922351,-0.0038104107347772,0.00148938471229651,-2.62745108256872e-05,0.000252968579461486,-0.000112107695832396,9.13369552613323e-05
0.27,-0.00821325180572972,0.00556653359242756,0.0021001052098491,0.000366386261226159,-0.000374275188063413,1,-0.0035803547535231,0.0026645435198432,-0.00262643794062767,0.00178983336803382,-0.00540551518730533,0.00142104207602765,-3.73829711527069e-05,0.000287324292123023,-0.00013221646387116,6.85974011668842e-05
0.271,-0.00394273776960187,0.000853001964621442,0.00384940751766593,-0.000118607270952819,0.000155545406265276,0,-0.00178337434578741,0.00238891926665123,-0.00185555420037459,0.00235077266617011,-0.00536481709639161,0.00129683638997879,-8.92680866743443e-05,0.000157706640982599,-0.000131507021558434,6.30917980940431e-05
0.272,-0.00469573042395506,0.000414335729441659,0.00419652412269509,0.000193339970708915,0.000201138439059663,0,-0.00148991163637005,0.00285335660698333,-0.00160776521372552,0.00347569709015723,-0.00460938276843933,0.00132141803043424,-8.39067925766721e-05,0.000139852422803353,-0.000110100880098403,6.86574348339097e-05
0.273,-0.00240870090104147,0.000273423876189383,0.00438535572232323,0.000231578402440022,0.000193448887395489,1,-0.00153742243746149,0.00279253798622747,-0.00173920035192153,0.00348274980859936,-0.00435531480175213,0.00142049496689912,-9.06795607128729e-05,4.67887033684261e-05,-9.09983026500728e-05,5.43993522243847e-05
0.274,2.44080970745447e-05,2.50411034881733e-05,0.00446661284190165,0.000294243871065545,-0.000145363516251356,0,-0.00196896839534694,0.00291690236162108,-0.00110715294200002,0.00339419232057902,-0.00227574028155511,0.00253146389682459,-9.22783883970935e-05,4.71925805041484e-05,-9.87949987071949e-05,4.22996721978555e-05
0.275,0.00282086157269249,-0.0028190064179907,0.00368700305702723,0.000339087282516014,-0.000136894564467791,0,-0.00217944770552709,0.00225564865519323,-0.000944496894765448,0.00319532918022035,-0.00299266626036349,0.00219529486532087,-7.05422947552933e-05,6.02417831387864e-05,-9.87949987071949e-05,4.90309888873723e-05
0.276,0.00577683179112231,-0.00477416174283718,0.00159061793253275,0.000299070533546304,-0.000111631106694612,1,-0.00327935085943309,0.00218251486236588,-0.00127579933235936,0.00256068714737516,-0.00241712635868936,0.0023467276959749,-6.67451554214629e-05,5.79507754857797e-05,-0.000101940762385413,3.92444666715476e-05
0.277,0.0080724934046396,-0.00536613774080651,-0.00120083787356926,1.53677295106495e-05,0.000296808727817579,0,-0.00341280630627736,0.000969263491099634,-0.00200024432028587,0.00186739787866607,-0.00273339039702058,0.00212186551881371,-7.91376045121743e-05,7.37672683791384e-05,-5.26087234422782e-05,9.20818360476859e-05
0.278,0.00745198064467542,-0.00162731026503362,-0.00310991719060306,4.51758539800371e-06,0.000278978244656876,1,-0.00269896913913117,0.00102625132918766,-0.00255520814636617,0.00174956899223351,-0.00218105434576147,0.0019054425380191,-8.80961154697584e-05,4.88404943087227e-05,-8.12953996175103e-05,8.44814273672202e-05
0.279,0.00678577921349211,0.00202053980488705,-0.00298765673180016,1.4410022312563e-05,0.000277413595178186,1,-0.00212679197951859,0.000886911412792268,-0.00225928891823005,0.00187892304260985,-0.00197703739927985,0.00244581120112616,-6.94711208640907e-05,6.29143938398631e-05,-8.19837435477112e-05,5.84840861926431e-05
0.28,0.0062757303123313,0.00493567202122128,-0.00106293645314828,-3.46807565163377e-05,-5.5798223000401e-05,0,-0.00209416704267091,0.000771325289276568,-0.00207975466738727,0.00280483284144192,-0.00345648636287426,0.00258749815189743,-0.000134085401875093,6.04164187157899e-05,-0.000127568621381817,4.41616230462325e-05
0.281,0.00534870001322499,0.0040051195541058,0.00139300103352841,-5.18906306484005e-05,-6.09395394984474e-05,0,-0.00178022528405926,0.00107657872267958,-0.00219806749483877,0.00193443266943972,-0.00324560921474827,0.00113137175516872,-0.000112312475383368,6.04164187157899e-05,-0.000186609338618779,3.6822865874109e-05
0.282,0.00434737047775159,0.00225999783218972,0.00310985214137673,-0.000119110720428053,5.28248673727808e-05,1,-0.00231129092758435,0.00114389937189427,-0.00179475136940252,0.00154747932546096,-0.0030031272181344,0.00145228865151875,-9.79852598997045e-05,7.40908400498105e-05,-0.000150101872392714,7.51143893321317e-05
0.283,0.00280125529750937,0.0010514055273959,0.00401623711185698,-0.000118960263145277,1.09343105778732e-05,0,-0.00271028313423923,0.00109752995542513,-0.00289197482164424,0.00113199796965833,-0.00282835095138243,0.00208135821447303,-7.61099752006149e-05,6.67991095949336e-05,-0.000171588704873285,5.23637169642963e-05
0.284,0.00140264015878152,-0.000605436001231905,0.00413255032063904,-4.92582696906864e-05,-1.21477551728754e-05,0,-0.00282892377321255,0.00156614691677137,-0.00271420623608791,0.00156590684550307,-0.00217606642001862,0.0013496818068224,-7.06282702834722e-05,4.46772375254587e-05,-9.53825888287914e-05,6.43992167930994e-05
0.285,0.000799323217504867,-0.00217883196679903,0.00336039658888289,0.00011518796135606,-4.10000439545891e-06,0,-0.0025725818913734,0.00121118058771544,-0.00223959913192657,0.0014794955305987,-0.00267403457008983,0.00112688840956175,-6.11427228056734e-05,6.28748840622792e-05,-6.12440768406299e-05,7.16627945956301e-05
0.286,0.00181812714138091,-0.00310270280004931,0.00190363369275541,0.000171536659350923,0.00028291157607404,1,-0.00216435415530664,0.00115585661532494,-0.00193524843482426,0.00138759993319768,-0.00414126362890338,0.000839881429429506,-6.84259031660847e-05,6.14563461552693e-05,-6.83196506554976e-05,4.82317354525932e-05
0.287,0.00327702984026968,-0.00108556793803863,0.000759034299526228,0.000131354691719436,0.00028639417387669,0,-0.00146440071417865,0.00163395748604364,-0.00164701644703654,0.00138556790899812,-0.00477660740863901,0.00140888234888367,-6.5502414625202e-05,9.47421990368807e-05,-9.43906064702748e-05,7.15508791971878e-05
0.288,0.00421525675596857,0.00102701582913774,0.000750989391625742,0.000105569497569212,0.000346804242687864,1,-0.0017248249149735,0.00219968409385128,-0.00112391096434771,0.00224359551817539,-0.00347311940822886,0.0012562542975864,-6.9416639366958e-05,8.93416509444304e-05,-8.40953718789273e-05,6.71768348617272e-05
0.289,0.00481961910383154,0.00321760350807897,0.00192703237173094,-0.000105442705861657,0.00013206795917382,0,-0.00169971028578324,0.00228263102135329,-0.000680105603885382,0.00224876939484959,-0.00254818202859979,0.00251633805157001,-5.86209382943589e-05,6.60462837975506e-05,-6.5768701161069e-05,6.71768348617272e-05
0.29,0.00335942827954195,0.0028974908989095,0.00360804878616912,-0.000109123318415331,0.000132261182454492,0,-0.00144810124210236,0.00218077869975839,-0.000558121821721999,0.0022002345620943,-0.00243502076940979,0.00187967805615662,-4.15808835246958e-05,5.62692151324401e-05,-9.34511438173619e-05,5.73787228770017e-05
0.291,0.00200292366388717,0.00199107139623866,0.00494957026069126,-0.000160679141929802,0.000108345414557843,1,-0.00116938012158816,0.00168569068613894,-0.000601672032410278,0.00264476580609581,-0.00129892373410015,0.00152769656950895,-5.57279745972785e-05,5.62692151324401e-05,-7.26395178536635e-05,5.81359809429697e-05
0.292,0.000283684283698047,0.000552153950277603,0.00564380086616454,2.08260617439436e-05,-2.40157139525781e-05,1,-0.000943083185921654,0.00187264543807806,-0.00121402888650168,0.00146625982992782,-0.00125352021159489,0.00158106807907618,-7.71074744662262e-05,5.48501616517339e-05,-9.14265066059838e-05,4.74363708502571e-05
0.293,0.00045347332819753,-0.00190736797786395,0.00526144159412279,1.35319096687479e-05,-3.87340693852667e-05,0,-0.00118135589004588,0.00175012285346839,-0.00113091697559633,0.00158441285042584,-0.000783741820469392,0.0023763593316779,-6.36500818604624e-05,3.81300516266815e-05,-9.79069836518379e-05,6.59346524761744e-05
0.294,0.000536743812364318,-0.00387962616234953,0.00366149207271402,-4.09189776463217e-05,-4.84346726254608e-05,0,-0.00096096995570809,0.0018901866701791,-0.00117516942684265,0.000697448016468243,-0.00116955396109346,0.00255013464709435,-7.14738564369728e-05,3.67775379040723e-05,-8.71387643738612e-05,4.78382805461846e-05
0.295,9.4994270243886e-05,-0.00494679627838489,0.00122867562093642,8.27407208081952e-05,-6.42222257218223e-05,1,-0.000695395899035274,0.00189748570432831,-0.00100444615782813,0.000831746518127175,-0.00122037656283885,0.0021943602296682,-6.64739932452722e-05,4.17962436470808e-05,-4.86702367890126e-05,5.76216278953511e-05
0.296,0.000874118912129889,-0.00500183525593866,-0.0015089856113653,0.000105604508213134,-6.2244160101961e-05,0,-0.00123417141457056,0.0011644194211099,-0.00187582898154472,0.000975188629679116,-0.00154276649222908,0.00163591229638875,-4.75251774532921e-05,5.92946351004125e-05,-3.95587965895332e-05,4.94870420379447e-05
0.297,0.00179825186528513,-0.00397684882471283,-0.00397550302172517,0.000117049084470984,0.000254645667519111,1,-0.00136546089593559,0.00116374303846135,-0.00187455630674831,0.00110797716841811,-0.00199754938603575,0.0011213744046266,-3.88324381850428e-05,5.64403383218829e-05,-6.67276777315791e-05,5.19048514940022e-05
0.298,0.00274185242147351,0.000249386521076668,-0.00498487987832407,-0.000159734720744878,-9.89340316487342e-05,1,-0.00186994078262532,0.000897836638615082,-0.00182539220055738,0.000951195986325451,-0.00157748853992807,0.00139897805077438,-3.92498223683101e-05,4.03878891800285e-05,-7.16028265574474e-05,2.62335296736695e-05
0.299,0.000959491637059566,0.00136214615926238,-0.00453721860077314,-0.000323152523420878,-0.000201650598489225,0,-0.00156926482181438,0.0007932335700486,-0.00134754349192469,0.000897240916184121,-0.00180207799456029,0.000986641449016906,-4.55935965158008e-05,3.88138723476535e-05,-2.45733974042796e-05,3.0942234282039e-05
